episode_id,component,channel,comparison,absolute_mean_distortion,absolute_tail_distortion,n_nodes
sha256:00b05b273658f3332865de1e9796d851ca6a2919bb7e4b04ee3e58f06dfe56c6,F_continuity,Flight,MARGINAL_MINUS_JOINT,0.0,0.0,12
sha256:00b05b273658f3332865de1e9796d851ca6a2919bb7e4b04ee3e58f06dfe56c6,F_continuity,Flight,POINT_MINUS_JOINT,0.0,0.0,12
sha256:00b05b273658f3332865de1e9796d851ca6a2919bb7e4b04ee3e58f06dfe56c6,F_execution,Flight,MARGINAL_MINUS_JOINT,0.0,0.0,1
sha256:00b05b273658f3332865de1e9796d851ca6a2919bb7e4b04ee3e58f06dfe56c6,F_execution,Flight,POINT_MINUS_JOINT,0.0,0.0,1
sha256:00e8e773cd283d939ca84156277aff75b1c9ef7a14cb2e3f5e073116f61ab1cf,F_continuity,Flight,MARGINAL_MINUS_JOINT,0.0,0.0,9
sha256:00e8e773cd283d939ca84156277aff75b1c9ef7a14cb2e3f5e073116f61ab1cf,F_continuity,Flight,POINT_MINUS_JOINT,0.0,0.0,9
sha256:02b711e90d440bcac9e7f163616a5b76929dfbad5f6bb2c0335c5bf85959ad65,F_continuity,Flight,MARGINAL_MINUS_JOINT,0.0,0.0,16
sha256:02b711e90d440bcac9e7f163616a5b76929dfbad5f6bb2c0335c5bf85959ad65,F_continuity,Flight,POINT_MINUS_JOINT,0.0,0.0,16
sha256:02b711e90d440bcac9e7f163616a5b76929dfbad5f6bb2c0335c5bf85959ad65,F_execution,Flight,MARGINAL_MINUS_JOINT,0.0,0.0,1
sha256:02b711e90d440bcac9e7f163616a5b76929dfbad5f6bb2c0335c5bf85959ad65,F_execution,Flight,POINT_MINUS_JOINT,0.0,0.0,1
sha256:06175f5b45577085e11e76989574ab452a8bd8302e12d0b474181b63941dc70a,F_continuity,Flight,MARGINAL_MINUS_JOINT,0.0,0.0,9
sha256:06175f5b45577085e11e76989574ab452a8bd8302e12d0b474181b63941dc70a,F_continuity,Flight,POINT_MINUS_JOINT,0.0,0.0,9
sha256:06175f5b45577085e11e76989574ab452a8bd8302e12d0b474181b63941dc70a,F_execution,Flight,MARGINAL_MINUS_JOINT,0.0,0.0,1
sha256:06175f5b45577085e11e76989574ab452a8bd8302e12d0b474181b63941dc70a,F_execution,Flight,POINT_MINUS_JOINT,0.0,0.0,1
sha256:06eebf6187fae5c4b5cb17b45cf57576dc2853d3944de85276bd6fbecc169ab9,F_continuity,Flight,MARGINAL_MINUS_JOINT,0.0,0.0,12
sha256:06eebf6187fae5c4b5cb17b45cf57576dc2853d3944de85276bd6fbecc169ab9,F_continuity,Flight,POINT_MINUS_JOINT,0.0,0.0,12
sha256:06eebf6187fae5c4b5cb17b45cf57576dc2853d3944de85276bd6fbecc169ab9,F_execution,Flight,MARGINAL_MINUS_JOINT,0.0,0.0,1
sha256:06eebf6187fae5c4b5cb17b45cf57576dc2853d3944de85276bd6fbecc169ab9,F_execution,Flight,POINT_MINUS_JOINT,0.0,0.0,1
sha256:0918063938e7c4457d171896b2fc2534f6874f77bf8065cfc20b298899c89e7a,F_continuity,Flight,MARGINAL_MINUS_JOINT,0.0,0.0,2
sha256:0918063938e7c4457d171896b2fc2534f6874f77bf8065cfc20b298899c89e7a,F_continuity,Flight,POINT_MINUS_JOINT,0.001441860465116279,0.014418604651162792,2
sha256:0a3614eb32c0724b572424173c306ae90f30957ba07dcbfaa924207801aa32fa,F_continuity,Flight,MARGINAL_MINUS_JOINT,0.0,0.0,9
sha256:0a3614eb32c0724b572424173c306ae90f30957ba07dcbfaa924207801aa32fa,F_continuity,Flight,POINT_MINUS_JOINT,0.0,0.0,9
sha256:0a3614eb32c0724b572424173c306ae90f30957ba07dcbfaa924207801aa32fa,F_execution,Flight,MARGINAL_MINUS_JOINT,0.0,0.0,2
sha256:0a3614eb32c0724b572424173c306ae90f30957ba07dcbfaa924207801aa32fa,F_execution,Flight,POINT_MINUS_JOINT,0.0,0.0,2
sha256:0dcfae5a2f00a7a4f20494ea14c926169491cdcb628fb59e54a304d5013dd671,F_continuity,Flight,MARGINAL_MINUS_JOINT,0.0,0.0,8
sha256:0dcfae5a2f00a7a4f20494ea14c926169491cdcb628fb59e54a304d5013dd671,F_continuity,Flight,POINT_MINUS_JOINT,0.0,0.0,8
sha256:0dcfae5a2f00a7a4f20494ea14c926169491cdcb628fb59e54a304d5013dd671,F_execution,Flight,MARGINAL_MINUS_JOINT,0.0,0.0,1
sha256:0dcfae5a2f00a7a4f20494ea14c926169491cdcb628fb59e54a304d5013dd671,F_execution,Flight,POINT_MINUS_JOINT,0.0,0.0,1
sha256:131687a2a4d1ce3d87839668761d426361e0f6474d5e3c22895ba7ed1fd37e43,F_continuity,Flight,MARGINAL_MINUS_JOINT,0.0,0.0,13
sha256:131687a2a4d1ce3d87839668761d426361e0f6474d5e3c22895ba7ed1fd37e43,F_continuity,Flight,POINT_MINUS_JOINT,0.0,0.0,13
sha256:131687a2a4d1ce3d87839668761d426361e0f6474d5e3c22895ba7ed1fd37e43,F_execution,Flight,MARGINAL_MINUS_JOINT,0.0,0.0,1
sha256:131687a2a4d1ce3d87839668761d426361e0f6474d5e3c22895ba7ed1fd37e43,F_execution,Flight,POINT_MINUS_JOINT,0.0,0.0,1
sha256:17cb9f5c5180ae688b3d4a691216cbb6e153dd26fec2a70ec212f96d4a3e19f6,F_continuity,Flight,MARGINAL_MINUS_JOINT,0.0,0.0,9
sha256:17cb9f5c5180ae688b3d4a691216cbb6e153dd26fec2a70ec212f96d4a3e19f6,F_continuity,Flight,POINT_MINUS_JOINT,6.718346253229974e-05,0.0006718346253229975,9
sha256:17cb9f5c5180ae688b3d4a691216cbb6e153dd26fec2a70ec212f96d4a3e19f6,F_execution,Flight,MARGINAL_MINUS_JOINT,0.0,0.0,1
sha256:17cb9f5c5180ae688b3d4a691216cbb6e153dd26fec2a70ec212f96d4a3e19f6,F_execution,Flight,POINT_MINUS_JOINT,0.0,0.0,1
sha256:181bc7c975fd4b2da221a0b667fef47f9b851c9cf9c2f60a9d2ed76de463c702,F_continuity,Flight,MARGINAL_MINUS_JOINT,0.0,0.0,9
sha256:181bc7c975fd4b2da221a0b667fef47f9b851c9cf9c2f60a9d2ed76de463c702,F_continuity,Flight,POINT_MINUS_JOINT,0.0,0.0,9
sha256:181bc7c975fd4b2da221a0b667fef47f9b851c9cf9c2f60a9d2ed76de463c702,F_execution,Flight,MARGINAL_MINUS_JOINT,0.0,0.0,1
sha256:181bc7c975fd4b2da221a0b667fef47f9b851c9cf9c2f60a9d2ed76de463c702,F_execution,Flight,POINT_MINUS_JOINT,0.0,0.0,1
sha256:19018d30b8242c3626aa00ca5672a0a99fdfb5627522791ce4231a969b41626d,F_continuity,Flight,MARGINAL_MINUS_JOINT,0.0,0.0,7
sha256:19018d30b8242c3626aa00ca5672a0a99fdfb5627522791ce4231a969b41626d,F_continuity,Flight,POINT_MINUS_JOINT,0.0,0.0,7
sha256:19c3ba96b1702f047910bbbce7058a4000ac8b2acafd113a3c36a35147dff201,F_continuity,Flight,MARGINAL_MINUS_JOINT,0.0,0.0,9
sha256:19c3ba96b1702f047910bbbce7058a4000ac8b2acafd113a3c36a35147dff201,F_continuity,Flight,POINT_MINUS_JOINT,0.0,0.0,9
sha256:1aaa144cdc8cf40cab4b2ce0440457e245eb58744e457753a9a5b27a7fa67cd2,F_continuity,Flight,MARGINAL_MINUS_JOINT,0.0,0.0,59
sha256:1aaa144cdc8cf40cab4b2ce0440457e245eb58744e457753a9a5b27a7fa67cd2,F_continuity,Flight,POINT_MINUS_JOINT,0.0,0.0,59
sha256:1b38dfe1dd2690b17c5845dc0d41cf26511f63a6fd9412b810642e365802adc4,F_continuity,Flight,MARGINAL_MINUS_JOINT,0.0,0.0,16
sha256:1b38dfe1dd2690b17c5845dc0d41cf26511f63a6fd9412b810642e365802adc4,F_continuity,Flight,POINT_MINUS_JOINT,0.0,0.0,16
sha256:1b38dfe1dd2690b17c5845dc0d41cf26511f63a6fd9412b810642e365802adc4,F_execution,Flight,MARGINAL_MINUS_JOINT,0.0,0.0,1
sha256:1b38dfe1dd2690b17c5845dc0d41cf26511f63a6fd9412b810642e365802adc4,F_execution,Flight,POINT_MINUS_JOINT,0.0,0.0,1
sha256:22af1782183a59cb9c7ceb95e41ac6227e1069d5774b9ec5848041809a646143,F_continuity,Flight,MARGINAL_MINUS_JOINT,0.0,0.0,11
sha256:22af1782183a59cb9c7ceb95e41ac6227e1069d5774b9ec5848041809a646143,F_continuity,Flight,POINT_MINUS_JOINT,0.0,0.0,11
sha256:2535ad26710c031ab1827c61c902b08a37ff80f68a6e45abb36c2bc4904a1cb6,F_continuity,Flight,MARGINAL_MINUS_JOINT,0.0,0.0,7
sha256:2535ad26710c031ab1827c61c902b08a37ff80f68a6e45abb36c2bc4904a1cb6,F_continuity,Flight,POINT_MINUS_JOINT,0.0,0.0,7
sha256:2535ad26710c031ab1827c61c902b08a37ff80f68a6e45abb36c2bc4904a1cb6,F_execution,Flight,MARGINAL_MINUS_JOINT,0.0,0.0,2
sha256:2535ad26710c031ab1827c61c902b08a37ff80f68a6e45abb36c2bc4904a1cb6,F_execution,Flight,POINT_MINUS_JOINT,0.0,0.0,2
sha256:25fe599dc22a1edc79d64db38d787481a8a0e7acd4a83b83b938ee3de35f633b,F_continuity,Flight,MARGINAL_MINUS_JOINT,0.0,0.0,9
sha256:25fe599dc22a1edc79d64db38d787481a8a0e7acd4a83b83b938ee3de35f633b,F_continuity,Flight,POINT_MINUS_JOINT,2.583979328165375e-05,0.00025839793281653755,9
sha256:29a423c8c4fc9dc08eabb584988d1d942c78c6f372c39e98876f9af82ccebba4,F_continuity,Flight,MARGINAL_MINUS_JOINT,0.0,0.0,11
sha256:29a423c8c4fc9dc08eabb584988d1d942c78c6f372c39e98876f9af82ccebba4,F_continuity,Flight,POINT_MINUS_JOINT,0.0,0.0,11
sha256:29a423c8c4fc9dc08eabb584988d1d942c78c6f372c39e98876f9af82ccebba4,F_execution,Flight,MARGINAL_MINUS_JOINT,0.0,0.0,1
sha256:29a423c8c4fc9dc08eabb584988d1d942c78c6f372c39e98876f9af82ccebba4,F_execution,Flight,POINT_MINUS_JOINT,0.0,0.0,1
sha256:2b04686f26ff3a5ef1f854cfa1f27a54eb3ad1fc242885b0aa9f8ed70f856335,F_continuity,Flight,MARGINAL_MINUS_JOINT,0.0,0.0,25
sha256:2b04686f26ff3a5ef1f854cfa1f27a54eb3ad1fc242885b0aa9f8ed70f856335,F_continuity,Flight,POINT_MINUS_JOINT,0.0,0.0,25
sha256:2f88de8e2dfd4dd93b29ae1d50513fed3ef3d03131015ee83f0b2c5a4f8b85f1,F_continuity,Flight,MARGINAL_MINUS_JOINT,0.0,0.0,70
sha256:2f88de8e2dfd4dd93b29ae1d50513fed3ef3d03131015ee83f0b2c5a4f8b85f1,F_continuity,Flight,POINT_MINUS_JOINT,0.0,0.0,70
sha256:2f88de8e2dfd4dd93b29ae1d50513fed3ef3d03131015ee83f0b2c5a4f8b85f1,F_execution,Flight,MARGINAL_MINUS_JOINT,0.0,0.0,1
sha256:2f88de8e2dfd4dd93b29ae1d50513fed3ef3d03131015ee83f0b2c5a4f8b85f1,F_execution,Flight,POINT_MINUS_JOINT,0.0,0.0,1
sha256:303410c378ce9366901a9312d7eca17462f978c69efe6a4716458489c2a91129,F_continuity,Flight,MARGINAL_MINUS_JOINT,0.0,0.0,9
sha256:303410c378ce9366901a9312d7eca17462f978c69efe6a4716458489c2a91129,F_continuity,Flight,POINT_MINUS_JOINT,0.0,0.0,9
sha256:303410c378ce9366901a9312d7eca17462f978c69efe6a4716458489c2a91129,F_execution,Flight,MARGINAL_MINUS_JOINT,0.0,0.0,1
sha256:303410c378ce9366901a9312d7eca17462f978c69efe6a4716458489c2a91129,F_execution,Flight,POINT_MINUS_JOINT,0.0,0.0,1
sha256:31440bc3e5679e7db44d799df4cda40a6b4b5036b4248d2c215dd559ca7ab204,F_continuity,Flight,MARGINAL_MINUS_JOINT,0.0,0.0,11
sha256:31440bc3e5679e7db44d799df4cda40a6b4b5036b4248d2c215dd559ca7ab204,F_continuity,Flight,POINT_MINUS_JOINT,0.0,0.0,11
sha256:330272da4115b59e0fc45effab0c00959f23f483620a509aa53295aee8a5c81d,F_continuity,Flight,MARGINAL_MINUS_JOINT,0.0,0.0,12
sha256:330272da4115b59e0fc45effab0c00959f23f483620a509aa53295aee8a5c81d,F_continuity,Flight,POINT_MINUS_JOINT,0.0,0.0,12
sha256:34e1640dddb2189641d8114c383322b89b44b2f9f203668e9b4dd9f3c59b2385,F_continuity,Flight,MARGINAL_MINUS_JOINT,0.0,0.0,13
sha256:34e1640dddb2189641d8114c383322b89b44b2f9f203668e9b4dd9f3c59b2385,F_continuity,Flight,POINT_MINUS_JOINT,0.0,0.0,13
sha256:34e1640dddb2189641d8114c383322b89b44b2f9f203668e9b4dd9f3c59b2385,F_execution,Flight,MARGINAL_MINUS_JOINT,0.0,0.0,1
sha256:34e1640dddb2189641d8114c383322b89b44b2f9f203668e9b4dd9f3c59b2385,F_execution,Flight,POINT_MINUS_JOINT,0.0,0.0,1
sha256:351755fd8a70eb14bc9a8058768a60fcb02b32acbcda041a7566b4fdcb7634d0,F_continuity,Flight,MARGINAL_MINUS_JOINT,0.0,0.0,22
sha256:351755fd8a70eb14bc9a8058768a60fcb02b32acbcda041a7566b4fdcb7634d0,F_continuity,Flight,POINT_MINUS_JOINT,0.0,0.0,22
sha256:39638a61edea8c9430fb7c6a9a25400c086b685169f8504a1919ca2d69d06558,F_continuity,Flight,MARGINAL_MINUS_JOINT,0.0,0.0,16
sha256:39638a61edea8c9430fb7c6a9a25400c086b685169f8504a1919ca2d69d06558,F_continuity,Flight,POINT_MINUS_JOINT,0.0,0.0,16
sha256:39638a61edea8c9430fb7c6a9a25400c086b685169f8504a1919ca2d69d06558,F_execution,Flight,MARGINAL_MINUS_JOINT,0.0,0.0,1
sha256:39638a61edea8c9430fb7c6a9a25400c086b685169f8504a1919ca2d69d06558,F_execution,Flight,POINT_MINUS_JOINT,0.0,0.0,1
sha256:3c0efef12c89add8481f7b74abc06ace2acfc7c9ae2c8911f59a6f4d11affca8,F_continuity,Flight,MARGINAL_MINUS_JOINT,0.0,0.0,24
sha256:3c0efef12c89add8481f7b74abc06ace2acfc7c9ae2c8911f59a6f4d11affca8,F_continuity,Flight,POINT_MINUS_JOINT,0.0,0.0,24
sha256:3c0efef12c89add8481f7b74abc06ace2acfc7c9ae2c8911f59a6f4d11affca8,F_execution,Flight,MARGINAL_MINUS_JOINT,0.0,0.0,2
sha256:3c0efef12c89add8481f7b74abc06ace2acfc7c9ae2c8911f59a6f4d11affca8,F_execution,Flight,POINT_MINUS_JOINT,0.0,0.0,2
sha256:3cbe1d3c28fefc5e05634bd16bac697f6f3b6c8ec24dc0269b5f2a12417ef2a2,F_continuity,Flight,MARGINAL_MINUS_JOINT,0.0,0.0,8
sha256:3cbe1d3c28fefc5e05634bd16bac697f6f3b6c8ec24dc0269b5f2a12417ef2a2,F_continuity,Flight,POINT_MINUS_JOINT,0.0,0.0,8
sha256:3cbe1d3c28fefc5e05634bd16bac697f6f3b6c8ec24dc0269b5f2a12417ef2a2,F_execution,Flight,MARGINAL_MINUS_JOINT,0.0,0.0,1
sha256:3cbe1d3c28fefc5e05634bd16bac697f6f3b6c8ec24dc0269b5f2a12417ef2a2,F_execution,Flight,POINT_MINUS_JOINT,0.0,0.0,1
sha256:402e50f1ff2b6883ca83dfccca0fc7f64b884554559ee570d3f1a5fbfb592f77,F_continuity,Flight,MARGINAL_MINUS_JOINT,0.0,0.0,8
sha256:402e50f1ff2b6883ca83dfccca0fc7f64b884554559ee570d3f1a5fbfb592f77,F_continuity,Flight,POINT_MINUS_JOINT,0.00010465116279069767,0.0010465116279069768,8
sha256:42a14675030dafcd004783399878efe6902b6b8df0bc9a976dd8eec7f557edc3,F_continuity,Flight,MARGINAL_MINUS_JOINT,0.0,0.0,23
sha256:42a14675030dafcd004783399878efe6902b6b8df0bc9a976dd8eec7f557edc3,F_continuity,Flight,POINT_MINUS_JOINT,0.0,0.0,23
sha256:42a14675030dafcd004783399878efe6902b6b8df0bc9a976dd8eec7f557edc3,F_execution,Flight,MARGINAL_MINUS_JOINT,0.0,0.0,2
sha256:42a14675030dafcd004783399878efe6902b6b8df0bc9a976dd8eec7f557edc3,F_execution,Flight,POINT_MINUS_JOINT,0.0,0.0,2
sha256:436b80c2e54bc585729f4ed9aba0e7507351da1428093c88f7198ece74393838,F_continuity,Flight,MARGINAL_MINUS_JOINT,0.0,0.0,10
sha256:436b80c2e54bc585729f4ed9aba0e7507351da1428093c88f7198ece74393838,F_continuity,Flight,POINT_MINUS_JOINT,0.0,0.0,10
sha256:436b80c2e54bc585729f4ed9aba0e7507351da1428093c88f7198ece74393838,F_execution,Flight,MARGINAL_MINUS_JOINT,0.0,0.0,2
sha256:436b80c2e54bc585729f4ed9aba0e7507351da1428093c88f7198ece74393838,F_execution,Flight,POINT_MINUS_JOINT,0.0,0.0,2
sha256:44b9fd5f6319da8e1d5b28b4fa9bc1200fc154b9ef0c157dae4a8b817ba24bc7,F_continuity,Flight,MARGINAL_MINUS_JOINT,0.0,0.0,4
sha256:44b9fd5f6319da8e1d5b28b4fa9bc1200fc154b9ef0c157dae4a8b817ba24bc7,F_continuity,Flight,POINT_MINUS_JOINT,0.0,0.0,4
sha256:44f1aa2681ebb944368caf826e3a034a76e9d2e60a172fec117d6fceea3c2138,F_continuity,Flight,MARGINAL_MINUS_JOINT,0.0,0.0,9
sha256:44f1aa2681ebb944368caf826e3a034a76e9d2e60a172fec117d6fceea3c2138,F_continuity,Flight,POINT_MINUS_JOINT,0.0,0.0,9
sha256:4b1e28733ab8e4bebdbee6cb187098efe69ce2863b5785c0b4f5c113f3bc665c,F_continuity,Flight,MARGINAL_MINUS_JOINT,0.0,0.0,10
sha256:4b1e28733ab8e4bebdbee6cb187098efe69ce2863b5785c0b4f5c113f3bc665c,F_continuity,Flight,POINT_MINUS_JOINT,0.0,0.0,10
sha256:4b57944dca417714024c2cb73b578abc8e9c84656e9c472735690e42f962b4a7,F_continuity,Flight,MARGINAL_MINUS_JOINT,0.0,0.0,13
sha256:4b57944dca417714024c2cb73b578abc8e9c84656e9c472735690e42f962b4a7,F_continuity,Flight,POINT_MINUS_JOINT,0.0,0.0,13
sha256:4b57944dca417714024c2cb73b578abc8e9c84656e9c472735690e42f962b4a7,F_execution,Flight,MARGINAL_MINUS_JOINT,0.0,0.0,2
sha256:4b57944dca417714024c2cb73b578abc8e9c84656e9c472735690e42f962b4a7,F_execution,Flight,POINT_MINUS_JOINT,0.0,0.0,2
sha256:4cc5721218e3c92a3972961c724182e47afaa7e72e67d7fcf5b0b181c236c862,F_continuity,Flight,MARGINAL_MINUS_JOINT,0.0,0.0,10
sha256:4cc5721218e3c92a3972961c724182e47afaa7e72e67d7fcf5b0b181c236c862,F_continuity,Flight,POINT_MINUS_JOINT,0.0,0.0,10
sha256:4ceded2e20c37c4bd58c23dacbce7a3e6c6f344645cf12d5b9d53daaba772059,F_continuity,Flight,MARGINAL_MINUS_JOINT,0.0,0.0,9
sha256:4ceded2e20c37c4bd58c23dacbce7a3e6c6f344645cf12d5b9d53daaba772059,F_continuity,Flight,POINT_MINUS_JOINT,0.0,0.0,9
sha256:4ceded2e20c37c4bd58c23dacbce7a3e6c6f344645cf12d5b9d53daaba772059,F_execution,Flight,MARGINAL_MINUS_JOINT,0.0,0.0,1
sha256:4ceded2e20c37c4bd58c23dacbce7a3e6c6f344645cf12d5b9d53daaba772059,F_execution,Flight,POINT_MINUS_JOINT,0.0,0.0,1
sha256:4dd77563fd50d7c805fc789c9974ff08e00177b1376203e49df9b84fdfaa9f47,F_continuity,Flight,MARGINAL_MINUS_JOINT,0.0,0.0,11
sha256:4dd77563fd50d7c805fc789c9974ff08e00177b1376203e49df9b84fdfaa9f47,F_continuity,Flight,POINT_MINUS_JOINT,0.0,0.0,11
sha256:4dd77563fd50d7c805fc789c9974ff08e00177b1376203e49df9b84fdfaa9f47,F_execution,Flight,MARGINAL_MINUS_JOINT,0.0,0.0,1
sha256:4dd77563fd50d7c805fc789c9974ff08e00177b1376203e49df9b84fdfaa9f47,F_execution,Flight,POINT_MINUS_JOINT,0.0,0.0,1
sha256:510abd23e23e320ff38ddd1f3853911be839643757730779fe7933a210573ab7,F_continuity,Flight,MARGINAL_MINUS_JOINT,0.0,0.0,12
sha256:510abd23e23e320ff38ddd1f3853911be839643757730779fe7933a210573ab7,F_continuity,Flight,POINT_MINUS_JOINT,0.0,0.0,12
sha256:5127cac22e525d592ee8cb981de5e070b24764e1585466b612ef1afa149955fb,F_continuity,Flight,MARGINAL_MINUS_JOINT,0.0,0.0,6
sha256:5127cac22e525d592ee8cb981de5e070b24764e1585466b612ef1afa149955fb,F_continuity,Flight,POINT_MINUS_JOINT,0.0,0.0,6
sha256:5127cac22e525d592ee8cb981de5e070b24764e1585466b612ef1afa149955fb,F_execution,Flight,MARGINAL_MINUS_JOINT,0.0,0.0,2
sha256:5127cac22e525d592ee8cb981de5e070b24764e1585466b612ef1afa149955fb,F_execution,Flight,POINT_MINUS_JOINT,0.0,0.0,2
sha256:56fd853a34b14f4f2c93241dfde7c8a8978cb393bc464515c91e4837bd3cf201,F_continuity,Flight,MARGINAL_MINUS_JOINT,0.0,0.0,9
sha256:56fd853a34b14f4f2c93241dfde7c8a8978cb393bc464515c91e4837bd3cf201,F_continuity,Flight,POINT_MINUS_JOINT,0.0,0.0,9
sha256:56fd853a34b14f4f2c93241dfde7c8a8978cb393bc464515c91e4837bd3cf201,F_execution,Flight,MARGINAL_MINUS_JOINT,0.0,0.0,1
sha256:56fd853a34b14f4f2c93241dfde7c8a8978cb393bc464515c91e4837bd3cf201,F_execution,Flight,POINT_MINUS_JOINT,0.0,0.0,1
sha256:5beb1a6d99bbbd17fd51c7fbc4ef4e63ed2d7101e5ceda1492c756db1f2122c7,F_continuity,Flight,MARGINAL_MINUS_JOINT,0.0,0.0,13
sha256:5beb1a6d99bbbd17fd51c7fbc4ef4e63ed2d7101e5ceda1492c756db1f2122c7,F_continuity,Flight,POINT_MINUS_JOINT,0.0,0.0,13
sha256:61faf60db885a5f7432518ff29e228ecf3f8d4aa0f4e90860233da996e7d6fc7,F_continuity,Flight,MARGINAL_MINUS_JOINT,0.0,0.0,9
sha256:61faf60db885a5f7432518ff29e228ecf3f8d4aa0f4e90860233da996e7d6fc7,F_continuity,Flight,POINT_MINUS_JOINT,0.0,0.0,9
sha256:61faf60db885a5f7432518ff29e228ecf3f8d4aa0f4e90860233da996e7d6fc7,F_execution,Flight,MARGINAL_MINUS_JOINT,0.0,0.0,1
sha256:61faf60db885a5f7432518ff29e228ecf3f8d4aa0f4e90860233da996e7d6fc7,F_execution,Flight,POINT_MINUS_JOINT,0.0,0.0,1
sha256:62af01a047ac10066296e766243f1e1f3f03b4b107a166319407db7df23f4dc4,F_continuity,Flight,MARGINAL_MINUS_JOINT,0.0,0.0,11
sha256:62af01a047ac10066296e766243f1e1f3f03b4b107a166319407db7df23f4dc4,F_continuity,Flight,POINT_MINUS_JOINT,0.0,0.0,11
sha256:63332b181b4f85d57c3f1f8aa629d80c9386423705d6bac0512a19938277ed18,F_continuity,Flight,MARGINAL_MINUS_JOINT,0.0,0.0,12
sha256:63332b181b4f85d57c3f1f8aa629d80c9386423705d6bac0512a19938277ed18,F_continuity,Flight,POINT_MINUS_JOINT,0.0,0.0,12
sha256:63332b181b4f85d57c3f1f8aa629d80c9386423705d6bac0512a19938277ed18,F_execution,Flight,MARGINAL_MINUS_JOINT,0.0,0.0,1
sha256:63332b181b4f85d57c3f1f8aa629d80c9386423705d6bac0512a19938277ed18,F_execution,Flight,POINT_MINUS_JOINT,0.0,0.0,1
sha256:63a73f9efff44891959717f3e7a601c46a19896544d7816d7d7608b43d12d6ba,F_continuity,Flight,MARGINAL_MINUS_JOINT,0.0,0.0,7
sha256:63a73f9efff44891959717f3e7a601c46a19896544d7816d7d7608b43d12d6ba,F_continuity,Flight,POINT_MINUS_JOINT,0.0,0.0,7
sha256:651d1c25c6869ad0047b73cebaf29447014385404c2a6300ab266c3af01b5b5b,F_continuity,Flight,MARGINAL_MINUS_JOINT,0.0,0.0,14
sha256:651d1c25c6869ad0047b73cebaf29447014385404c2a6300ab266c3af01b5b5b,F_continuity,Flight,POINT_MINUS_JOINT,0.0,0.0,14
sha256:651d1c25c6869ad0047b73cebaf29447014385404c2a6300ab266c3af01b5b5b,F_execution,Flight,MARGINAL_MINUS_JOINT,0.0,0.0,1
sha256:651d1c25c6869ad0047b73cebaf29447014385404c2a6300ab266c3af01b5b5b,F_execution,Flight,POINT_MINUS_JOINT,0.0,0.0,1
sha256:6710bf2d94fd133a2e3198a219550df6575c6c9ad17177fc29515fa62236c8a5,F_continuity,Flight,MARGINAL_MINUS_JOINT,0.0,0.0,9
sha256:6710bf2d94fd133a2e3198a219550df6575c6c9ad17177fc29515fa62236c8a5,F_continuity,Flight,POINT_MINUS_JOINT,0.0005426356589147287,0.005426356589147288,9
sha256:6710bf2d94fd133a2e3198a219550df6575c6c9ad17177fc29515fa62236c8a5,F_execution,Flight,MARGINAL_MINUS_JOINT,0.0,0.0,1
sha256:6710bf2d94fd133a2e3198a219550df6575c6c9ad17177fc29515fa62236c8a5,F_execution,Flight,POINT_MINUS_JOINT,0.0,0.0,1
sha256:6c8e828f71a05c5c7ac186aeccf4963d88fd55d5ddd5ffa500dece610782031d,F_continuity,Flight,MARGINAL_MINUS_JOINT,0.0,0.0,14
sha256:6c8e828f71a05c5c7ac186aeccf4963d88fd55d5ddd5ffa500dece610782031d,F_continuity,Flight,POINT_MINUS_JOINT,0.0,0.0,14
sha256:6c8e828f71a05c5c7ac186aeccf4963d88fd55d5ddd5ffa500dece610782031d,F_execution,Flight,MARGINAL_MINUS_JOINT,0.0,0.0,1
sha256:6c8e828f71a05c5c7ac186aeccf4963d88fd55d5ddd5ffa500dece610782031d,F_execution,Flight,POINT_MINUS_JOINT,0.0,0.0,1
sha256:6d39926190538294f7153287c797b64afa70e4405610e6997c682a34d71f1f39,F_continuity,Flight,MARGINAL_MINUS_JOINT,0.0,0.0,8
sha256:6d39926190538294f7153287c797b64afa70e4405610e6997c682a34d71f1f39,F_continuity,Flight,POINT_MINUS_JOINT,0.00045348837209302327,0.004534883720930234,8
sha256:6d5af9abdb6bc0b322b30d9cad06d7471821fff96df8c14ffca52fe4ac05164c,F_continuity,Flight,MARGINAL_MINUS_JOINT,0.0,0.0,8
sha256:6d5af9abdb6bc0b322b30d9cad06d7471821fff96df8c14ffca52fe4ac05164c,F_continuity,Flight,POINT_MINUS_JOINT,0.0,0.0,8
sha256:6eda9cdf75c1e5fb3b598b18b05d588ec3b00281457bdea1a2ea3e120aef1c48,F_continuity,Flight,MARGINAL_MINUS_JOINT,0.0,0.0,18
sha256:6eda9cdf75c1e5fb3b598b18b05d588ec3b00281457bdea1a2ea3e120aef1c48,F_continuity,Flight,POINT_MINUS_JOINT,0.0,0.0,18
sha256:73d86411ce4c378261aab5edc53d9b472631a7670b7866e1d4ba5422d05430c5,F_continuity,Flight,MARGINAL_MINUS_JOINT,0.0,0.0,9
sha256:73d86411ce4c378261aab5edc53d9b472631a7670b7866e1d4ba5422d05430c5,F_continuity,Flight,POINT_MINUS_JOINT,0.0,0.0,9
sha256:73d86411ce4c378261aab5edc53d9b472631a7670b7866e1d4ba5422d05430c5,F_execution,Flight,MARGINAL_MINUS_JOINT,0.0,0.0,2
sha256:73d86411ce4c378261aab5edc53d9b472631a7670b7866e1d4ba5422d05430c5,F_execution,Flight,POINT_MINUS_JOINT,0.0,0.0,2
sha256:75a2e2b6ef83fe44f16611fe8c79c7e51553b21c5262571ea1ed1dad3a7fdc73,F_continuity,Flight,MARGINAL_MINUS_JOINT,0.0,0.0,17
sha256:75a2e2b6ef83fe44f16611fe8c79c7e51553b21c5262571ea1ed1dad3a7fdc73,F_continuity,Flight,POINT_MINUS_JOINT,0.0,0.0,17
sha256:75a2e2b6ef83fe44f16611fe8c79c7e51553b21c5262571ea1ed1dad3a7fdc73,F_execution,Flight,MARGINAL_MINUS_JOINT,0.0,0.0,2
sha256:75a2e2b6ef83fe44f16611fe8c79c7e51553b21c5262571ea1ed1dad3a7fdc73,F_execution,Flight,POINT_MINUS_JOINT,0.0,0.0,2
sha256:79c2db204a92c4ebb042a7ed764220250a8e99df9315de602a17f5d70a620f5a,F_continuity,Flight,MARGINAL_MINUS_JOINT,0.0,0.0,8
sha256:79c2db204a92c4ebb042a7ed764220250a8e99df9315de602a17f5d70a620f5a,F_continuity,Flight,POINT_MINUS_JOINT,0.0,0.0,8
sha256:79c2db204a92c4ebb042a7ed764220250a8e99df9315de602a17f5d70a620f5a,F_execution,Flight,MARGINAL_MINUS_JOINT,0.0,0.0,1
sha256:79c2db204a92c4ebb042a7ed764220250a8e99df9315de602a17f5d70a620f5a,F_execution,Flight,POINT_MINUS_JOINT,0.0,0.0,1
sha256:7a303a13be87a210af44b6e4f8b454f5b3a9106f8f1e1e05d1542b20c7734aff,F_continuity,Flight,MARGINAL_MINUS_JOINT,0.0,0.0,6
sha256:7a303a13be87a210af44b6e4f8b454f5b3a9106f8f1e1e05d1542b20c7734aff,F_continuity,Flight,POINT_MINUS_JOINT,0.0,0.0,6
sha256:7a303a13be87a210af44b6e4f8b454f5b3a9106f8f1e1e05d1542b20c7734aff,F_execution,Flight,MARGINAL_MINUS_JOINT,0.0,0.0,1
sha256:7a303a13be87a210af44b6e4f8b454f5b3a9106f8f1e1e05d1542b20c7734aff,F_execution,Flight,POINT_MINUS_JOINT,0.0,0.0,1
sha256:7ad35ec0017d1bb984fe4321d99f45a61e9ab7c6f2e5020ac21656dd8bbb7c0e,F_continuity,Flight,MARGINAL_MINUS_JOINT,0.0,0.0,6
sha256:7ad35ec0017d1bb984fe4321d99f45a61e9ab7c6f2e5020ac21656dd8bbb7c0e,F_continuity,Flight,POINT_MINUS_JOINT,0.0,0.0,6
sha256:7ad35ec0017d1bb984fe4321d99f45a61e9ab7c6f2e5020ac21656dd8bbb7c0e,F_execution,Flight,MARGINAL_MINUS_JOINT,0.0,0.0,2
sha256:7ad35ec0017d1bb984fe4321d99f45a61e9ab7c6f2e5020ac21656dd8bbb7c0e,F_execution,Flight,POINT_MINUS_JOINT,0.0,0.0,2
sha256:7f2fe4ffae7d8e36f9e0c4fab024049858b34c10d7520981d2555d0a310e913c,F_continuity,Flight,MARGINAL_MINUS_JOINT,0.0,0.0,8
sha256:7f2fe4ffae7d8e36f9e0c4fab024049858b34c10d7520981d2555d0a310e913c,F_continuity,Flight,POINT_MINUS_JOINT,0.0,0.0,8
sha256:7f2fe4ffae7d8e36f9e0c4fab024049858b34c10d7520981d2555d0a310e913c,F_execution,Flight,MARGINAL_MINUS_JOINT,0.0,0.0,3
sha256:7f2fe4ffae7d8e36f9e0c4fab024049858b34c10d7520981d2555d0a310e913c,F_execution,Flight,POINT_MINUS_JOINT,0.0,0.0,3
sha256:7fd23dce052089e82cfff87c56e5fbd55cba17e65e209fd6ef24c883d7a29f0d,F_continuity,Flight,MARGINAL_MINUS_JOINT,0.0,0.0,9
sha256:7fd23dce052089e82cfff87c56e5fbd55cba17e65e209fd6ef24c883d7a29f0d,F_continuity,Flight,POINT_MINUS_JOINT,0.0,0.0,9
sha256:7fd23dce052089e82cfff87c56e5fbd55cba17e65e209fd6ef24c883d7a29f0d,F_execution,Flight,MARGINAL_MINUS_JOINT,0.0,0.0,2
sha256:7fd23dce052089e82cfff87c56e5fbd55cba17e65e209fd6ef24c883d7a29f0d,F_execution,Flight,POINT_MINUS_JOINT,0.0,0.0,2
sha256:802eadf18c516c6866ee9487911e4f6527c31b7675f3138d74361f5b3e1b4da0,F_continuity,Flight,MARGINAL_MINUS_JOINT,0.0,0.0,9
sha256:802eadf18c516c6866ee9487911e4f6527c31b7675f3138d74361f5b3e1b4da0,F_continuity,Flight,POINT_MINUS_JOINT,0.0,0.0,9
sha256:802eadf18c516c6866ee9487911e4f6527c31b7675f3138d74361f5b3e1b4da0,F_execution,Flight,MARGINAL_MINUS_JOINT,0.0,0.0,2
sha256:802eadf18c516c6866ee9487911e4f6527c31b7675f3138d74361f5b3e1b4da0,F_execution,Flight,POINT_MINUS_JOINT,0.0,0.0,2
sha256:8103566065b9d055f455fcf60e91908f8e0796d2647d54a1fbc0781654c688fa,F_continuity,Flight,MARGINAL_MINUS_JOINT,0.0,0.0,8
sha256:8103566065b9d055f455fcf60e91908f8e0796d2647d54a1fbc0781654c688fa,F_continuity,Flight,POINT_MINUS_JOINT,0.0,0.0,8
sha256:8103566065b9d055f455fcf60e91908f8e0796d2647d54a1fbc0781654c688fa,F_execution,Flight,MARGINAL_MINUS_JOINT,0.0,0.0,1
sha256:8103566065b9d055f455fcf60e91908f8e0796d2647d54a1fbc0781654c688fa,F_execution,Flight,POINT_MINUS_JOINT,0.0,0.0,1
sha256:821d9c064ce0d35c20d67925cf60d653dcff4e42018cc8d874ae780dcd8f4648,F_continuity,Flight,MARGINAL_MINUS_JOINT,0.0,0.0,15
sha256:821d9c064ce0d35c20d67925cf60d653dcff4e42018cc8d874ae780dcd8f4648,F_continuity,Flight,POINT_MINUS_JOINT,0.0,0.0,15
sha256:821d9c064ce0d35c20d67925cf60d653dcff4e42018cc8d874ae780dcd8f4648,F_execution,Flight,MARGINAL_MINUS_JOINT,0.0,0.0,2
sha256:821d9c064ce0d35c20d67925cf60d653dcff4e42018cc8d874ae780dcd8f4648,F_execution,Flight,POINT_MINUS_JOINT,0.0,0.0,2
sha256:8529a23662e22b9ffd26a82dc98e03c1415a54bea3ae930cf84f0fe06b37872e,F_continuity,Flight,MARGINAL_MINUS_JOINT,0.0,0.0,24
sha256:8529a23662e22b9ffd26a82dc98e03c1415a54bea3ae930cf84f0fe06b37872e,F_continuity,Flight,POINT_MINUS_JOINT,0.0,0.0,24
sha256:8529a23662e22b9ffd26a82dc98e03c1415a54bea3ae930cf84f0fe06b37872e,F_execution,Flight,MARGINAL_MINUS_JOINT,0.0,0.0,1
sha256:8529a23662e22b9ffd26a82dc98e03c1415a54bea3ae930cf84f0fe06b37872e,F_execution,Flight,POINT_MINUS_JOINT,0.0,0.0,1
sha256:8b1cd58281a9dfd745efda44159737fd261f3e5a0394d8bf26bd0858569c4989,F_continuity,Flight,MARGINAL_MINUS_JOINT,0.0,0.0,11
sha256:8b1cd58281a9dfd745efda44159737fd261f3e5a0394d8bf26bd0858569c4989,F_continuity,Flight,POINT_MINUS_JOINT,0.0,0.0,11
sha256:8dede4f142335c2392da8ba546a888102138b6e530d2f14911ac6147a417c717,F_continuity,Flight,MARGINAL_MINUS_JOINT,0.0,0.0,10
sha256:8dede4f142335c2392da8ba546a888102138b6e530d2f14911ac6147a417c717,F_continuity,Flight,POINT_MINUS_JOINT,0.0,0.0,10
sha256:8e0c43eee94d184b24df43d48bccb8f3c04c0c57fab498bfe6bea28485fe30b8,F_continuity,Flight,MARGINAL_MINUS_JOINT,0.0,0.0,13
sha256:8e0c43eee94d184b24df43d48bccb8f3c04c0c57fab498bfe6bea28485fe30b8,F_continuity,Flight,POINT_MINUS_JOINT,0.0,0.0,13
sha256:8ec4cb7b2667f829df62a3748d8aa2fe9fd16c72b8541f202ec4b5fa27c25c2f,F_continuity,Flight,MARGINAL_MINUS_JOINT,0.0,0.0,42
sha256:8ec4cb7b2667f829df62a3748d8aa2fe9fd16c72b8541f202ec4b5fa27c25c2f,F_continuity,Flight,POINT_MINUS_JOINT,0.0,0.0,42
sha256:8ec4cb7b2667f829df62a3748d8aa2fe9fd16c72b8541f202ec4b5fa27c25c2f,F_execution,Flight,MARGINAL_MINUS_JOINT,0.0,0.0,2
sha256:8ec4cb7b2667f829df62a3748d8aa2fe9fd16c72b8541f202ec4b5fa27c25c2f,F_execution,Flight,POINT_MINUS_JOINT,0.0,0.0,2
sha256:8f79d882dda34aceda0cc2aedb1ec15fd6de01695e208dfeae83ed7ae3d57bd9,F_continuity,Flight,MARGINAL_MINUS_JOINT,0.0,0.0,7
sha256:8f79d882dda34aceda0cc2aedb1ec15fd6de01695e208dfeae83ed7ae3d57bd9,F_continuity,Flight,POINT_MINUS_JOINT,0.002890365448504983,0.028903654485049838,7
sha256:909c65b08b7c18af875df2b8f11d5cdb914ceb2e71f3833937300b002ef4b5c5,F_continuity,Flight,MARGINAL_MINUS_JOINT,0.0,0.0,9
sha256:909c65b08b7c18af875df2b8f11d5cdb914ceb2e71f3833937300b002ef4b5c5,F_continuity,Flight,POINT_MINUS_JOINT,0.0,0.0,9
sha256:909c65b08b7c18af875df2b8f11d5cdb914ceb2e71f3833937300b002ef4b5c5,F_execution,Flight,MARGINAL_MINUS_JOINT,0.0,0.0,2
sha256:909c65b08b7c18af875df2b8f11d5cdb914ceb2e71f3833937300b002ef4b5c5,F_execution,Flight,POINT_MINUS_JOINT,0.0,0.0,2
sha256:9136d802eeeb2edae0bad6b4688d8f82f096a435c4768b05ff3b2ae4e83fc470,F_continuity,Flight,MARGINAL_MINUS_JOINT,0.0,0.0,14
sha256:9136d802eeeb2edae0bad6b4688d8f82f096a435c4768b05ff3b2ae4e83fc470,F_continuity,Flight,POINT_MINUS_JOINT,0.0,0.0,14
sha256:92954cdff5a86c68328d0a8f09ca47398b691ff8412d2cd90e1ef55b72178388,F_continuity,Flight,MARGINAL_MINUS_JOINT,0.0,0.0,6
sha256:92954cdff5a86c68328d0a8f09ca47398b691ff8412d2cd90e1ef55b72178388,F_continuity,Flight,POINT_MINUS_JOINT,0.0007286821705426356,0.007286821705426358,6
sha256:92a29f18646e5814d1fc271bcc58a58302762a6cf73fe4ba740c45e4a0adc937,F_continuity,Flight,MARGINAL_MINUS_JOINT,0.0,0.0,10
sha256:92a29f18646e5814d1fc271bcc58a58302762a6cf73fe4ba740c45e4a0adc937,F_continuity,Flight,POINT_MINUS_JOINT,0.0,0.0,10
sha256:92a29f18646e5814d1fc271bcc58a58302762a6cf73fe4ba740c45e4a0adc937,F_execution,Flight,MARGINAL_MINUS_JOINT,0.0,0.0,2
sha256:92a29f18646e5814d1fc271bcc58a58302762a6cf73fe4ba740c45e4a0adc937,F_execution,Flight,POINT_MINUS_JOINT,0.0,0.0,2
sha256:92dfb300eff61238f0ae402e6956257e202a4ed932f4a45abb7631f7a5ae10ff,F_continuity,Flight,MARGINAL_MINUS_JOINT,0.0,0.0,9
sha256:92dfb300eff61238f0ae402e6956257e202a4ed932f4a45abb7631f7a5ae10ff,F_continuity,Flight,POINT_MINUS_JOINT,0.0,0.0,9
sha256:92dfb300eff61238f0ae402e6956257e202a4ed932f4a45abb7631f7a5ae10ff,F_execution,Flight,MARGINAL_MINUS_JOINT,0.0,0.0,2
sha256:92dfb300eff61238f0ae402e6956257e202a4ed932f4a45abb7631f7a5ae10ff,F_execution,Flight,POINT_MINUS_JOINT,0.0,0.0,2
sha256:9bc1c4d7908588a21802e6c224ab7595655c93af346cc39b44488108ea0c17e4,F_continuity,Flight,MARGINAL_MINUS_JOINT,0.0,0.0,11
sha256:9bc1c4d7908588a21802e6c224ab7595655c93af346cc39b44488108ea0c17e4,F_continuity,Flight,POINT_MINUS_JOINT,0.0,0.0,11
sha256:9bc1c4d7908588a21802e6c224ab7595655c93af346cc39b44488108ea0c17e4,F_execution,Flight,MARGINAL_MINUS_JOINT,0.0,0.0,2
sha256:9bc1c4d7908588a21802e6c224ab7595655c93af346cc39b44488108ea0c17e4,F_execution,Flight,POINT_MINUS_JOINT,0.0,0.0,2
sha256:9ce5cffb874040a620d68f9d91f95b0a279c0687adcb861dbe822ba059a9b3fe,F_continuity,Flight,MARGINAL_MINUS_JOINT,0.0,0.0,13
sha256:9ce5cffb874040a620d68f9d91f95b0a279c0687adcb861dbe822ba059a9b3fe,F_continuity,Flight,POINT_MINUS_JOINT,0.0,0.0,13
sha256:9ce5cffb874040a620d68f9d91f95b0a279c0687adcb861dbe822ba059a9b3fe,F_execution,Flight,MARGINAL_MINUS_JOINT,0.0,0.0,1
sha256:9ce5cffb874040a620d68f9d91f95b0a279c0687adcb861dbe822ba059a9b3fe,F_execution,Flight,POINT_MINUS_JOINT,0.0,0.0,1
sha256:9db48b846fa1564a70ddc8d2cd2dae62e8e2b76c470614b4ede20d0f1ebcd0c9,F_continuity,Flight,MARGINAL_MINUS_JOINT,0.0,0.0,15
sha256:9db48b846fa1564a70ddc8d2cd2dae62e8e2b76c470614b4ede20d0f1ebcd0c9,F_continuity,Flight,POINT_MINUS_JOINT,0.0,0.0,15
sha256:a18676c27b5e9bf753b73e24f65c06fba864c7c06c32851b9a4c5af13418f1ac,F_continuity,Flight,MARGINAL_MINUS_JOINT,0.0,0.0,7
sha256:a18676c27b5e9bf753b73e24f65c06fba864c7c06c32851b9a4c5af13418f1ac,F_continuity,Flight,POINT_MINUS_JOINT,0.0004186046511627907,0.004186046511627908,7
sha256:a41457ba655f56cd7192d6646e8ea413e88168eb808e399c0ccd008e8b3bbd74,F_continuity,Flight,MARGINAL_MINUS_JOINT,0.0,0.0,9
sha256:a41457ba655f56cd7192d6646e8ea413e88168eb808e399c0ccd008e8b3bbd74,F_continuity,Flight,POINT_MINUS_JOINT,0.0,0.0,9
sha256:a4272b2dbb59d804c80972be0345e6c68eefe5e5b15435f4eb7524b1083972fb,F_continuity,Flight,MARGINAL_MINUS_JOINT,0.0,0.0,19
sha256:a4272b2dbb59d804c80972be0345e6c68eefe5e5b15435f4eb7524b1083972fb,F_continuity,Flight,POINT_MINUS_JOINT,0.0,0.0,19
sha256:a4272b2dbb59d804c80972be0345e6c68eefe5e5b15435f4eb7524b1083972fb,F_execution,Flight,MARGINAL_MINUS_JOINT,0.0,0.0,1
sha256:a4272b2dbb59d804c80972be0345e6c68eefe5e5b15435f4eb7524b1083972fb,F_execution,Flight,POINT_MINUS_JOINT,0.0,0.0,1
sha256:ae88e6a57a9d1596e3f49145f73633957dd15ca16e2a0869ff9b84d580a4b124,F_continuity,Flight,MARGINAL_MINUS_JOINT,0.0,0.0,7
sha256:ae88e6a57a9d1596e3f49145f73633957dd15ca16e2a0869ff9b84d580a4b124,F_continuity,Flight,POINT_MINUS_JOINT,0.0,0.0,7
sha256:aedab96ddd9ea7a740af09f38e3b5ac1a054a44295e3fe2aeb3124eb2b2fab56,F_continuity,Flight,MARGINAL_MINUS_JOINT,0.0,0.0,27
sha256:aedab96ddd9ea7a740af09f38e3b5ac1a054a44295e3fe2aeb3124eb2b2fab56,F_continuity,Flight,POINT_MINUS_JOINT,0.0,0.0,27
sha256:aedab96ddd9ea7a740af09f38e3b5ac1a054a44295e3fe2aeb3124eb2b2fab56,F_execution,Flight,MARGINAL_MINUS_JOINT,0.0,0.0,1
sha256:aedab96ddd9ea7a740af09f38e3b5ac1a054a44295e3fe2aeb3124eb2b2fab56,F_execution,Flight,POINT_MINUS_JOINT,0.0,0.0,1
sha256:af73cf46cc7e39445099a80730dce5c7af45a971852a5baf6896d89214397d38,F_continuity,Flight,MARGINAL_MINUS_JOINT,0.0,0.0,11
sha256:af73cf46cc7e39445099a80730dce5c7af45a971852a5baf6896d89214397d38,F_continuity,Flight,POINT_MINUS_JOINT,0.0,0.0,11
sha256:af73cf46cc7e39445099a80730dce5c7af45a971852a5baf6896d89214397d38,F_execution,Flight,MARGINAL_MINUS_JOINT,0.0,0.0,1
sha256:af73cf46cc7e39445099a80730dce5c7af45a971852a5baf6896d89214397d38,F_execution,Flight,POINT_MINUS_JOINT,0.0,0.0,1
sha256:b00572d512ad12902cbeb806e1232808ca3d76ad6adcbc6a6247ef685a371753,F_continuity,Flight,MARGINAL_MINUS_JOINT,0.0,0.0,7
sha256:b00572d512ad12902cbeb806e1232808ca3d76ad6adcbc6a6247ef685a371753,F_continuity,Flight,POINT_MINUS_JOINT,0.0029634551495016613,0.02963455149501662,7
sha256:b1b5c499dfcd0d8c24a69167194439317710dc6a47a7c2d3000b45392cae7551,F_continuity,Flight,MARGINAL_MINUS_JOINT,0.0,0.0,16
sha256:b1b5c499dfcd0d8c24a69167194439317710dc6a47a7c2d3000b45392cae7551,F_continuity,Flight,POINT_MINUS_JOINT,0.0,0.0,16
sha256:b1b5c499dfcd0d8c24a69167194439317710dc6a47a7c2d3000b45392cae7551,F_execution,Flight,MARGINAL_MINUS_JOINT,0.0,0.0,1
sha256:b1b5c499dfcd0d8c24a69167194439317710dc6a47a7c2d3000b45392cae7551,F_execution,Flight,POINT_MINUS_JOINT,0.0,0.0,1
sha256:b5233980f2c1df7d34acc3f0721fb7ac2a66808c1a837329f9fd3f49926f24dc,F_continuity,Flight,MARGINAL_MINUS_JOINT,0.0,0.0,12
sha256:b5233980f2c1df7d34acc3f0721fb7ac2a66808c1a837329f9fd3f49926f24dc,F_continuity,Flight,POINT_MINUS_JOINT,0.0,0.0,12
sha256:b5233980f2c1df7d34acc3f0721fb7ac2a66808c1a837329f9fd3f49926f24dc,F_execution,Flight,MARGINAL_MINUS_JOINT,0.0,0.0,2
sha256:b5233980f2c1df7d34acc3f0721fb7ac2a66808c1a837329f9fd3f49926f24dc,F_execution,Flight,POINT_MINUS_JOINT,0.0,0.0,2
sha256:b9a4fa94dafc0e3ad02143e811d8a97e414acf62bbd5363768564cff85896f70,F_continuity,Flight,MARGINAL_MINUS_JOINT,0.0,0.0,14
sha256:b9a4fa94dafc0e3ad02143e811d8a97e414acf62bbd5363768564cff85896f70,F_continuity,Flight,POINT_MINUS_JOINT,0.0,0.0,14
sha256:baac9bacdfb1e7985e9641fc25996dc5d24e9b89b2b3a6b50fe0aae193d75dc4,F_continuity,Flight,MARGINAL_MINUS_JOINT,0.0,0.0,11
sha256:baac9bacdfb1e7985e9641fc25996dc5d24e9b89b2b3a6b50fe0aae193d75dc4,F_continuity,Flight,POINT_MINUS_JOINT,0.0,0.0,11
sha256:baac9bacdfb1e7985e9641fc25996dc5d24e9b89b2b3a6b50fe0aae193d75dc4,F_execution,Flight,MARGINAL_MINUS_JOINT,0.0,0.0,2
sha256:baac9bacdfb1e7985e9641fc25996dc5d24e9b89b2b3a6b50fe0aae193d75dc4,F_execution,Flight,POINT_MINUS_JOINT,0.0,0.0,2
sha256:bb6a3a1dfac623ada2d14aca8d6f5478d2d136818469561e8bfa82604cd6829a,F_continuity,Flight,MARGINAL_MINUS_JOINT,0.0,0.0,90
sha256:bb6a3a1dfac623ada2d14aca8d6f5478d2d136818469561e8bfa82604cd6829a,F_continuity,Flight,POINT_MINUS_JOINT,0.0009302325581395348,0.009302325581395352,90
sha256:bb6a3a1dfac623ada2d14aca8d6f5478d2d136818469561e8bfa82604cd6829a,F_execution,Flight,MARGINAL_MINUS_JOINT,0.0,0.0,1
sha256:bb6a3a1dfac623ada2d14aca8d6f5478d2d136818469561e8bfa82604cd6829a,F_execution,Flight,POINT_MINUS_JOINT,0.0,0.0,1
sha256:be3400a5a79081b7ee340d6a04016a28d151eb141eacdd8f262be7b298d1d1aa,F_continuity,Flight,MARGINAL_MINUS_JOINT,0.0,0.0,11
sha256:be3400a5a79081b7ee340d6a04016a28d151eb141eacdd8f262be7b298d1d1aa,F_continuity,Flight,POINT_MINUS_JOINT,0.0,0.0,11
sha256:be79535a3e87c18fe317c3dfd5d7bef438d28fa95d5f89d38b906107bb734d32,F_continuity,Flight,MARGINAL_MINUS_JOINT,0.0,0.0,8
sha256:be79535a3e87c18fe317c3dfd5d7bef438d28fa95d5f89d38b906107bb734d32,F_continuity,Flight,POINT_MINUS_JOINT,0.0,0.0,8
sha256:bef367e1c36ad90a02cc50df1ff122b9afde7e33e57dd98de21cdfaea8e8664e,F_continuity,Flight,MARGINAL_MINUS_JOINT,0.0,0.0,11
sha256:bef367e1c36ad90a02cc50df1ff122b9afde7e33e57dd98de21cdfaea8e8664e,F_continuity,Flight,POINT_MINUS_JOINT,0.0,0.0,11
sha256:c11cc4ac45fa99bf7a0262c199c31bfbadf6372c3a4722db663df8564fcd8c1b,F_continuity,Flight,MARGINAL_MINUS_JOINT,0.0,0.0,10
sha256:c11cc4ac45fa99bf7a0262c199c31bfbadf6372c3a4722db663df8564fcd8c1b,F_continuity,Flight,POINT_MINUS_JOINT,0.0,0.0,10
sha256:c12488e0ec2b62e3f067d190c62f470d81b9308828d5c97a9dbb692d4ddd0fe5,F_continuity,Flight,MARGINAL_MINUS_JOINT,0.0,0.0,24
sha256:c12488e0ec2b62e3f067d190c62f470d81b9308828d5c97a9dbb692d4ddd0fe5,F_continuity,Flight,POINT_MINUS_JOINT,0.0,0.0,24
sha256:c47612951f046a604739c6a61b0c750156217227310a6fa1b301fc1b55f37a73,F_continuity,Flight,MARGINAL_MINUS_JOINT,0.0,0.0,8
sha256:c47612951f046a604739c6a61b0c750156217227310a6fa1b301fc1b55f37a73,F_continuity,Flight,POINT_MINUS_JOINT,0.0,0.0,8
sha256:c47612951f046a604739c6a61b0c750156217227310a6fa1b301fc1b55f37a73,F_execution,Flight,MARGINAL_MINUS_JOINT,0.0,0.0,1
sha256:c47612951f046a604739c6a61b0c750156217227310a6fa1b301fc1b55f37a73,F_execution,Flight,POINT_MINUS_JOINT,0.0,0.0,1
sha256:c5c14d18234ec838169a0ae30e3a0bf979f7c2462ba4d819586b1aebae8dc798,F_continuity,Flight,MARGINAL_MINUS_JOINT,0.0,0.0,12
sha256:c5c14d18234ec838169a0ae30e3a0bf979f7c2462ba4d819586b1aebae8dc798,F_continuity,Flight,POINT_MINUS_JOINT,0.0,0.0,12
sha256:c667775745918d82640a962c0a0af11d2a072a97d7ad14915a963dd62cfba789,F_continuity,Flight,MARGINAL_MINUS_JOINT,0.0,0.0,11
sha256:c667775745918d82640a962c0a0af11d2a072a97d7ad14915a963dd62cfba789,F_continuity,Flight,POINT_MINUS_JOINT,0.0,0.0,11
sha256:c93b7957ac3b84b4db39d22952d2dcc28ed430f32c54f168c33d1e0be55abdb3,F_continuity,Flight,MARGINAL_MINUS_JOINT,0.0,0.0,12
sha256:c93b7957ac3b84b4db39d22952d2dcc28ed430f32c54f168c33d1e0be55abdb3,F_continuity,Flight,POINT_MINUS_JOINT,8.139534883720932e-05,0.0008139534883720933,12
sha256:ca0cf314c6f083b712d1ef57fb973dbd4bf180ce9be0631e86a5324a9552eb1a,F_continuity,Flight,MARGINAL_MINUS_JOINT,0.0,0.0,9
sha256:ca0cf314c6f083b712d1ef57fb973dbd4bf180ce9be0631e86a5324a9552eb1a,F_continuity,Flight,POINT_MINUS_JOINT,0.0,0.0,9
sha256:ca0cf314c6f083b712d1ef57fb973dbd4bf180ce9be0631e86a5324a9552eb1a,F_execution,Flight,MARGINAL_MINUS_JOINT,0.0,0.0,2
sha256:ca0cf314c6f083b712d1ef57fb973dbd4bf180ce9be0631e86a5324a9552eb1a,F_execution,Flight,POINT_MINUS_JOINT,0.0,0.0,2
sha256:cbf806907eb00fdf63d3cd8602bc31292b09856da2ebd594f2bcac5055906433,F_continuity,Flight,MARGINAL_MINUS_JOINT,0.0,0.0,14
sha256:cbf806907eb00fdf63d3cd8602bc31292b09856da2ebd594f2bcac5055906433,F_continuity,Flight,POINT_MINUS_JOINT,0.0,0.0,14
sha256:cfdbdcb2ac2450fc35b3eae40cadb5b179c7168cd636fe95cfbce2a932596707,F_continuity,Flight,MARGINAL_MINUS_JOINT,0.0,0.0,11
sha256:cfdbdcb2ac2450fc35b3eae40cadb5b179c7168cd636fe95cfbce2a932596707,F_continuity,Flight,POINT_MINUS_JOINT,0.0,0.0,11
sha256:d0d25f0423a24b24d9c09095a4379dd9dbc4e350b658a4ac88b734ea6c1cd547,F_continuity,Flight,MARGINAL_MINUS_JOINT,0.0,0.0,11
sha256:d0d25f0423a24b24d9c09095a4379dd9dbc4e350b658a4ac88b734ea6c1cd547,F_continuity,Flight,POINT_MINUS_JOINT,0.0,0.0,11
sha256:d0d25f0423a24b24d9c09095a4379dd9dbc4e350b658a4ac88b734ea6c1cd547,F_execution,Flight,MARGINAL_MINUS_JOINT,0.0,0.0,2
sha256:d0d25f0423a24b24d9c09095a4379dd9dbc4e350b658a4ac88b734ea6c1cd547,F_execution,Flight,POINT_MINUS_JOINT,0.0,0.0,2
sha256:d2b8703b5ac8902546d685f92f25bdaf8f41d8cd650c90427539d0046d82e377,F_continuity,Flight,MARGINAL_MINUS_JOINT,0.0,0.0,22
sha256:d2b8703b5ac8902546d685f92f25bdaf8f41d8cd650c90427539d0046d82e377,F_continuity,Flight,POINT_MINUS_JOINT,0.0,0.0,22
sha256:d3ed059578f7fd0714346decd46b964c5ea3991a64939cd76ea5330b65a76826,F_continuity,Flight,MARGINAL_MINUS_JOINT,0.0,0.0,21
sha256:d3ed059578f7fd0714346decd46b964c5ea3991a64939cd76ea5330b65a76826,F_continuity,Flight,POINT_MINUS_JOINT,0.0,0.0,21
sha256:d3f910983062abcf15c05c333d3d298cdc3649d11fe49167054cc6d6d1624224,F_continuity,Flight,MARGINAL_MINUS_JOINT,0.0,0.0,6
sha256:d3f910983062abcf15c05c333d3d298cdc3649d11fe49167054cc6d6d1624224,F_continuity,Flight,POINT_MINUS_JOINT,0.0,0.0,6
sha256:d3f910983062abcf15c05c333d3d298cdc3649d11fe49167054cc6d6d1624224,F_execution,Flight,MARGINAL_MINUS_JOINT,0.0,0.0,2
sha256:d3f910983062abcf15c05c333d3d298cdc3649d11fe49167054cc6d6d1624224,F_execution,Flight,POINT_MINUS_JOINT,0.0,0.0,2
sha256:d53009afcb9cf96770c109906a7244da385246736bc78ca2884cea98769494c2,F_continuity,Flight,MARGINAL_MINUS_JOINT,0.0,0.0,21
sha256:d53009afcb9cf96770c109906a7244da385246736bc78ca2884cea98769494c2,F_continuity,Flight,POINT_MINUS_JOINT,0.0,0.0,21
sha256:d819a0c974552effd49673acbec18d5eda40ee393222fdb1acd448f5092451c9,F_continuity,Flight,MARGINAL_MINUS_JOINT,0.0,0.0,12
sha256:d819a0c974552effd49673acbec18d5eda40ee393222fdb1acd448f5092451c9,F_continuity,Flight,POINT_MINUS_JOINT,0.0,0.0,12
sha256:d970fe6d87b762fec500982351e53ea3a94f15ab03b216349f484718eb171043,F_continuity,Flight,MARGINAL_MINUS_JOINT,0.0,0.0,13
sha256:d970fe6d87b762fec500982351e53ea3a94f15ab03b216349f484718eb171043,F_continuity,Flight,POINT_MINUS_JOINT,0.0,0.0,13
sha256:dc83e29f18c777de0af89dd66b485befe48f223e42a059015f3f8bd2bb005464,F_continuity,Flight,MARGINAL_MINUS_JOINT,0.0,0.0,7
sha256:dc83e29f18c777de0af89dd66b485befe48f223e42a059015f3f8bd2bb005464,F_continuity,Flight,POINT_MINUS_JOINT,0.0,0.0,7
sha256:dc83e29f18c777de0af89dd66b485befe48f223e42a059015f3f8bd2bb005464,F_execution,Flight,MARGINAL_MINUS_JOINT,0.0,0.0,1
sha256:dc83e29f18c777de0af89dd66b485befe48f223e42a059015f3f8bd2bb005464,F_execution,Flight,POINT_MINUS_JOINT,0.0,0.0,1
sha256:dc99925fe37b8a67137b8b43e1bc607abb03732380e63034ec46fd6eabe4d37a,F_continuity,Flight,MARGINAL_MINUS_JOINT,0.0,0.0,7
sha256:dc99925fe37b8a67137b8b43e1bc607abb03732380e63034ec46fd6eabe4d37a,F_continuity,Flight,POINT_MINUS_JOINT,0.00013953488372093022,0.0013953488372093026,7
sha256:ddc691538db897df846acfa4ba1dfe3332c4c04f9270cde23794be1eafeaf344,F_continuity,Flight,MARGINAL_MINUS_JOINT,0.0,0.0,8
sha256:ddc691538db897df846acfa4ba1dfe3332c4c04f9270cde23794be1eafeaf344,F_continuity,Flight,POINT_MINUS_JOINT,0.0,0.0,8
sha256:de39b3297f3c6e67b64e6da9ddc05f04cd17be61d1d7f83c465c05fb7165f30d,F_continuity,Flight,MARGINAL_MINUS_JOINT,0.0,0.0,9
sha256:de39b3297f3c6e67b64e6da9ddc05f04cd17be61d1d7f83c465c05fb7165f30d,F_continuity,Flight,POINT_MINUS_JOINT,0.0,0.0,9
sha256:e2d08005665217f11de04ba8bce2b7afe2c6423bc45506bc537b35a3155c843a,F_continuity,Flight,MARGINAL_MINUS_JOINT,0.0,0.0,61
sha256:e2d08005665217f11de04ba8bce2b7afe2c6423bc45506bc537b35a3155c843a,F_continuity,Flight,POINT_MINUS_JOINT,0.0,0.0,61
sha256:e2d08005665217f11de04ba8bce2b7afe2c6423bc45506bc537b35a3155c843a,F_execution,Flight,MARGINAL_MINUS_JOINT,0.0,0.0,2
sha256:e2d08005665217f11de04ba8bce2b7afe2c6423bc45506bc537b35a3155c843a,F_execution,Flight,POINT_MINUS_JOINT,0.0,0.0,2
sha256:e5b7846a306946ce9de43e3415dea0a8448f3cf5042a30d7809f57d766e5aed6,F_continuity,Flight,MARGINAL_MINUS_JOINT,0.0,0.0,8
sha256:e5b7846a306946ce9de43e3415dea0a8448f3cf5042a30d7809f57d766e5aed6,F_continuity,Flight,POINT_MINUS_JOINT,0.0,0.0,8
sha256:e5b7846a306946ce9de43e3415dea0a8448f3cf5042a30d7809f57d766e5aed6,F_execution,Flight,MARGINAL_MINUS_JOINT,0.0,0.0,2
sha256:e5b7846a306946ce9de43e3415dea0a8448f3cf5042a30d7809f57d766e5aed6,F_execution,Flight,POINT_MINUS_JOINT,0.0,0.0,2
sha256:e67e103529436039a88420e71c2856b5da77723b71c1d0abeb04fc85b1aac31a,F_continuity,Flight,MARGINAL_MINUS_JOINT,0.0,0.0,9
sha256:e67e103529436039a88420e71c2856b5da77723b71c1d0abeb04fc85b1aac31a,F_continuity,Flight,POINT_MINUS_JOINT,0.0,0.0,9
sha256:e67e103529436039a88420e71c2856b5da77723b71c1d0abeb04fc85b1aac31a,F_execution,Flight,MARGINAL_MINUS_JOINT,0.0,0.0,1
sha256:e67e103529436039a88420e71c2856b5da77723b71c1d0abeb04fc85b1aac31a,F_execution,Flight,POINT_MINUS_JOINT,0.0,0.0,1
sha256:e82e14159c7b665cb9f7e1446d9dc4dd49ad798dae53d327190b820357ed8de3,F_continuity,Flight,MARGINAL_MINUS_JOINT,0.0,0.0,9
sha256:e82e14159c7b665cb9f7e1446d9dc4dd49ad798dae53d327190b820357ed8de3,F_continuity,Flight,POINT_MINUS_JOINT,0.0,0.0,9
sha256:ea0f484dd70b52dfcfda0107ee55b8489cfe8e127e4d6befbfba25cc0d78b703,F_continuity,Flight,MARGINAL_MINUS_JOINT,0.0,0.0,18
sha256:ea0f484dd70b52dfcfda0107ee55b8489cfe8e127e4d6befbfba25cc0d78b703,F_continuity,Flight,POINT_MINUS_JOINT,0.0,0.0,18
sha256:ebbe8eeed2c67c7f9ecdb3544158411484af65485e571f7451464e71269b492a,F_continuity,Flight,MARGINAL_MINUS_JOINT,0.0,0.0,50
sha256:ebbe8eeed2c67c7f9ecdb3544158411484af65485e571f7451464e71269b492a,F_continuity,Flight,POINT_MINUS_JOINT,0.0,0.0,50
sha256:ec102d3fc8dae3f12f4136cea3e99d18b0d847205350682987e0c5ea002d385d,F_continuity,Flight,MARGINAL_MINUS_JOINT,0.0,0.0,7
sha256:ec102d3fc8dae3f12f4136cea3e99d18b0d847205350682987e0c5ea002d385d,F_continuity,Flight,POINT_MINUS_JOINT,0.0,0.0,7
sha256:ec102d3fc8dae3f12f4136cea3e99d18b0d847205350682987e0c5ea002d385d,F_execution,Flight,MARGINAL_MINUS_JOINT,0.0,0.0,2
sha256:ec102d3fc8dae3f12f4136cea3e99d18b0d847205350682987e0c5ea002d385d,F_execution,Flight,POINT_MINUS_JOINT,0.0,0.0,2
sha256:eca53de8bef95a075b99b1ec91d585d0bb644d1bd60fcda1ab7be7de3e98c7ab,F_continuity,Flight,MARGINAL_MINUS_JOINT,0.0,0.0,6
sha256:eca53de8bef95a075b99b1ec91d585d0bb644d1bd60fcda1ab7be7de3e98c7ab,F_continuity,Flight,POINT_MINUS_JOINT,0.0,0.0,6
sha256:eca53de8bef95a075b99b1ec91d585d0bb644d1bd60fcda1ab7be7de3e98c7ab,F_execution,Flight,MARGINAL_MINUS_JOINT,0.0,0.0,2
sha256:eca53de8bef95a075b99b1ec91d585d0bb644d1bd60fcda1ab7be7de3e98c7ab,F_execution,Flight,POINT_MINUS_JOINT,0.0,0.0,2
sha256:f002e1ea1efd57bc6aacf2fd697e8792978edcc68e8782b31b5f756d30e6b480,F_continuity,Flight,MARGINAL_MINUS_JOINT,0.0,0.0,10
sha256:f002e1ea1efd57bc6aacf2fd697e8792978edcc68e8782b31b5f756d30e6b480,F_continuity,Flight,POINT_MINUS_JOINT,0.0008790697674418604,0.008790697674418608,10
sha256:f1355c1d155b917be4c9a2f84da92e66e195ec31454243c60217db7926b00927,F_continuity,Flight,MARGINAL_MINUS_JOINT,0.0,0.0,7
sha256:f1355c1d155b917be4c9a2f84da92e66e195ec31454243c60217db7926b00927,F_continuity,Flight,POINT_MINUS_JOINT,0.0,0.0,7
sha256:f1a2b1b8f516c06be50e9c6d4fdccc61707d3927ff3273b1bc7135d02fa615d0,F_continuity,Flight,MARGINAL_MINUS_JOINT,0.0,0.0,15
sha256:f1a2b1b8f516c06be50e9c6d4fdccc61707d3927ff3273b1bc7135d02fa615d0,F_continuity,Flight,POINT_MINUS_JOINT,0.0,0.0,15
sha256:f1a2b1b8f516c06be50e9c6d4fdccc61707d3927ff3273b1bc7135d02fa615d0,F_execution,Flight,MARGINAL_MINUS_JOINT,0.0,0.0,2
sha256:f1a2b1b8f516c06be50e9c6d4fdccc61707d3927ff3273b1bc7135d02fa615d0,F_execution,Flight,POINT_MINUS_JOINT,0.0,0.0,2
sha256:f5c0b79dbb03b4f80460aedd04e4964147706ae7bb7fded4cd2f8e1dcddcc7b1,F_continuity,Flight,MARGINAL_MINUS_JOINT,0.0,0.0,10
sha256:f5c0b79dbb03b4f80460aedd04e4964147706ae7bb7fded4cd2f8e1dcddcc7b1,F_continuity,Flight,POINT_MINUS_JOINT,0.0,0.0,10
sha256:f8585a199d876b2529da3743f679c3f93d57a1667dc6dd7851915b127794bd83,F_continuity,Flight,MARGINAL_MINUS_JOINT,0.0,0.0,7
sha256:f8585a199d876b2529da3743f679c3f93d57a1667dc6dd7851915b127794bd83,F_continuity,Flight,POINT_MINUS_JOINT,3.322259136212625e-05,0.0003322259136212626,7
sha256:fa358aaec54a8e20890dec4a8f9bd076455d0efbbdf2a884c9632d515afb96e6,F_continuity,Flight,MARGINAL_MINUS_JOINT,0.0,0.0,7
sha256:fa358aaec54a8e20890dec4a8f9bd076455d0efbbdf2a884c9632d515afb96e6,F_continuity,Flight,POINT_MINUS_JOINT,0.0,0.0,7
sha256:fe6b227984dd8a16db0b4c9a65e9dc1fc5f70084d2ccb0e5e896df39f32d6a9c,F_continuity,Flight,MARGINAL_MINUS_JOINT,0.0,0.0,26
sha256:fe6b227984dd8a16db0b4c9a65e9dc1fc5f70084d2ccb0e5e896df39f32d6a9c,F_continuity,Flight,POINT_MINUS_JOINT,0.0,0.0,26
sha256:fe6b227984dd8a16db0b4c9a65e9dc1fc5f70084d2ccb0e5e896df39f32d6a9c,F_execution,Flight,MARGINAL_MINUS_JOINT,0.0,0.0,2
sha256:fe6b227984dd8a16db0b4c9a65e9dc1fc5f70084d2ccb0e5e896df39f32d6a9c,F_execution,Flight,POINT_MINUS_JOINT,0.0,0.0,2
sha256:ff9ae344a57e16af22c274ff033a4ac81ea6e56288589378b539a539ee42ec1d,F_continuity,Flight,MARGINAL_MINUS_JOINT,0.0,0.0,18
sha256:ff9ae344a57e16af22c274ff033a4ac81ea6e56288589378b539a539ee42ec1d,F_continuity,Flight,POINT_MINUS_JOINT,0.0,0.0,18
sha256:ff9ae344a57e16af22c274ff033a4ac81ea6e56288589378b539a539ee42ec1d,F_execution,Flight,MARGINAL_MINUS_JOINT,0.0,0.0,1
sha256:ff9ae344a57e16af22c274ff033a4ac81ea6e56288589378b539a539ee42ec1d,F_execution,Flight,POINT_MINUS_JOINT,0.0,0.0,1
