"parameter_id","scientific_status","scientific_value","runtime_authority","registry_path","config_path","code_consumer","test_path","documentation_path","implementation_status"
"MODEL_CHAIN","FROZEN","""PRE -> M1 -> M2 -> M3 -> M4""","docs/MODEL_SPECIFICATION.md","registries/MODEL_PARAMETER_REGISTRY.json","N/A","docs/MODEL_SPECIFICATION.md","tests/contract/test_model_parameter_registry.py","docs/MODEL_SPECIFICATION.md","MATCH"
"M1_ROLL_MINUTES","FROZEN","5","configs/scientific/foundation.yaml","registries/MODEL_PARAMETER_REGISTRY.json","configs/scientific/foundation.yaml","configs/scientific/foundation.yaml","tests/contract/test_model_parameter_registry.py","docs/MODEL_SPECIFICATION.md","MATCH"
"M1_ROLL_SENSITIVITY_MINUTES","FROZEN","10","configs/scientific/foundation.yaml; sensitivity-only contract","registries/MODEL_PARAMETER_REGISTRY.json","configs/scientific/foundation.yaml","configs/scientific/foundation.yaml; sensitivity-only contract","tests/contract/test_model_parameter_registry.py","docs/MODEL_SPECIFICATION.md","MATCH"
"M1_FORECAST_HORIZONS_MINUTES","FROZEN","[0,15,60]","configs/scientific/foundation.yaml; model/M1/semantics.py:FORMAL_FORECAST_HORIZONS_MINUTES","registries/MODEL_PARAMETER_REGISTRY.json","configs/scientific/foundation.yaml","configs/scientific/foundation.yaml; model/M1/semantics.py:FORMAL_FORECAST_HORIZONS_MINUTES","tests/contract/test_model_parameter_registry.py","docs/MODEL_SPECIFICATION.md","MATCH"
"EVALUATION_LEAD_TIMES_MINUTES","FROZEN","[0,30,60,120,180,240,300,360,420,480]","configs/scientific/foundation.yaml; model/M1/semantics.py:EVALUATION_LEAD_TIMES_MINUTES","registries/MODEL_PARAMETER_REGISTRY.json","configs/scientific/foundation.yaml","configs/scientific/foundation.yaml; model/M1/semantics.py:EVALUATION_LEAD_TIMES_MINUTES","tests/contract/test_model_parameter_registry.py","docs/MODEL_SPECIFICATION.md","MATCH"
"M1_DELAY_THRESHOLDS_MINUTES","FROZEN","[15,30,60]","configs/scientific/foundation.yaml; model/M1/semantics.py","registries/MODEL_PARAMETER_REGISTRY.json","configs/scientific/foundation.yaml","configs/scientific/foundation.yaml; model/M1/semantics.py","tests/contract/test_model_parameter_registry.py","docs/MODEL_SPECIFICATION.md","MATCH"
"M1_BIN_WIDTH_MINUTES","FROZEN","5","configs/scientific/foundation.yaml; model/M1/contracts.py","registries/MODEL_PARAMETER_REGISTRY.json","configs/scientific/foundation.yaml","configs/scientific/foundation.yaml; model/M1/contracts.py","tests/contract/test_model_parameter_registry.py","docs/MODEL_SPECIFICATION.md","MATCH"
"M1_PRIMITIVE_TARGETS","FROZEN","[""T_IB_A00"",""D_OB"",""D_TX""]","configs/scientific/foundation.yaml; model/M1/semantics.py","registries/MODEL_PARAMETER_REGISTRY.json","configs/scientific/foundation.yaml","configs/scientific/foundation.yaml; model/M1/semantics.py","tests/contract/test_model_parameter_registry.py","docs/MODEL_SPECIFICATION.md","MATCH"
"M1_CONDITIONAL_ORDER","FROZEN","""T_IB_A00 -> D_OB -> D_TX""","configs/scientific/foundation.yaml; model/M1/scenarios.py","registries/MODEL_PARAMETER_REGISTRY.json","configs/scientific/foundation.yaml","configs/scientific/foundation.yaml; model/M1/scenarios.py","tests/contract/test_model_parameter_registry.py","docs/MODEL_SPECIFICATION.md","MATCH"
"M1_DERIVED_OUTPUTS","FROZEN","{""R_IB"":""max(0,T_IB_A00-decision_time)"",""D_TO"":""D_OB+D_TX samplewise""}","model/M1/semantics.py; model/M1/contracts.py","registries/MODEL_PARAMETER_REGISTRY.json","configs/scientific/foundation.yaml","model/M1/semantics.py; model/M1/contracts.py","tests/contract/test_model_parameter_registry.py","docs/MODEL_SPECIFICATION.md","MATCH"
"M1_ARCHITECTURE","FROZEN","{""type"":""single-layer causal unidirectional GRU"",""attention"":false}","configs/scientific/foundation.yaml; model/M1/network.py","registries/MODEL_PARAMETER_REGISTRY.json","configs/scientific/foundation.yaml","configs/scientific/foundation.yaml; model/M1/network.py","tests/contract/test_model_parameter_registry.py","docs/MODEL_SPECIFICATION.md","MATCH"
"M1_PRIMARY_HIDDEN_SIZE","FROZEN","8","configs/scientific/foundation.yaml:model.parameters.m1_hidden_size","registries/MODEL_PARAMETER_REGISTRY.json","configs/scientific/foundation.yaml","configs/scientific/foundation.yaml:model.parameters.m1_hidden_size","tests/contract/test_model_parameter_registry.py","docs/MODEL_SPECIFICATION.md","MATCH"
"M1_SENSITIVITY_HIDDEN_SIZE","FROZEN","16","configs/scientific/foundation.yaml:model.parameters.m1_sensitivity_hidden_size","registries/MODEL_PARAMETER_REGISTRY.json","configs/scientific/foundation.yaml","configs/scientific/foundation.yaml:model.parameters.m1_sensitivity_hidden_size","tests/contract/test_model_parameter_registry.py","docs/MODEL_SPECIFICATION.md","MATCH"
"M1_SUPPORT_MINUTES","FROZEN","{""T_IB_A00_remaining"":360,""D_OB"":180,""D_TX"":60}","configs/scientific/foundation.yaml","registries/MODEL_PARAMETER_REGISTRY.json","configs/scientific/foundation.yaml","configs/scientific/foundation.yaml","tests/contract/test_model_parameter_registry.py","docs/MODEL_SPECIFICATION.md","MATCH"
"M1_OVERFLOW_FROM_MINUTES","FROZEN","{""T_IB_A00_remaining"":365,""D_OB"":185,""D_TX"":65}","5-minute grid explicit overflow contract","registries/MODEL_PARAMETER_REGISTRY.json","configs/scientific/foundation.yaml","5-minute grid explicit overflow contract","tests/contract/test_model_parameter_registry.py","docs/MODEL_SPECIFICATION.md","MATCH"
"M1_SCENARIO_COUNT","FROZEN","64","configs/scientific/foundation.yaml; configs/engineering/m1_data2_development_fast.yaml","registries/MODEL_PARAMETER_REGISTRY.json","configs/scientific/foundation.yaml","configs/scientific/foundation.yaml; configs/engineering/m1_data2_development_fast.yaml","tests/contract/test_model_parameter_registry.py","docs/MODEL_SPECIFICATION.md","MATCH"
"M1_PRE_REPLAY_LAG_MINUTES","FROZEN","0","configs/scientific/foundation.yaml; model/PRE/pipeline.py","registries/MODEL_PARAMETER_REGISTRY.json","configs/scientific/foundation.yaml","configs/scientific/foundation.yaml; model/PRE/pipeline.py","tests/contract/test_model_parameter_registry.py","docs/MODEL_SPECIFICATION.md","MATCH"
"M1_DATA2_WEATHER_REPLAY_LAG_MINUTES","FROZEN","5","configs/scientific/foundation.yaml; model/PRE/streaming/data2.py","registries/MODEL_PARAMETER_REGISTRY.json","configs/scientific/foundation.yaml","configs/scientific/foundation.yaml; model/PRE/streaming/data2.py","tests/contract/test_model_parameter_registry.py","docs/MODEL_SPECIFICATION.md","MATCH"
"DATA2_FACTUAL_REPLAY_AVAILABILITY","FROZEN","""DECLARED_EVENT_TIME_REPLAY""","configs/scientific/foundation.yaml; model/PRE/pipeline.py","registries/MODEL_PARAMETER_REGISTRY.json","configs/scientific/foundation.yaml","configs/scientific/foundation.yaml; model/PRE/pipeline.py","tests/contract/test_model_parameter_registry.py","docs/MODEL_SPECIFICATION.md","MATCH"
"REPLAY_LAG_SENSITIVITY_MINUTES","FROZEN","[0,5,10]","configs/scientific/foundation.yaml; sensitivity-only replay contract","registries/MODEL_PARAMETER_REGISTRY.json","configs/scientific/foundation.yaml","configs/scientific/foundation.yaml; sensitivity-only replay contract","tests/contract/test_model_parameter_registry.py","docs/MODEL_SPECIFICATION.md","MATCH"
"M1_WEATHER_MAX_AGE_MINUTES","FROZEN","60","configs/scientific/foundation.yaml; model/PRE/pipeline.py","registries/MODEL_PARAMETER_REGISTRY.json","configs/scientific/foundation.yaml","configs/scientific/foundation.yaml; model/PRE/pipeline.py","tests/contract/test_model_parameter_registry.py","docs/MODEL_SPECIFICATION.md","MATCH"
"M1_CLOUD_ENCODING","FROZEN","""both""","configs/scientific/foundation.yaml; PRE feature registry","registries/MODEL_PARAMETER_REGISTRY.json","configs/scientific/foundation.yaml","configs/scientific/foundation.yaml; PRE feature registry","tests/contract/test_model_parameter_registry.py","docs/MODEL_SPECIFICATION.md","MATCH"
"M1_EPISODE_PARTITION_CONTRACT","FROZEN","""SUCCESSOR_SERVICE_DATE_EPISODE_ATOMIC""","configs/scientific/foundation.yaml; model/M1/lifecycle.py; model/M1/splits.py","registries/MODEL_PARAMETER_REGISTRY.json","configs/scientific/foundation.yaml","configs/scientific/foundation.yaml; model/M1/lifecycle.py; model/M1/splits.py","tests/contract/test_model_parameter_registry.py","docs/MODEL_SPECIFICATION.md","MATCH"
"M1_EPISODE_WEIGHTING_CONTRACT","FROZEN","""TARGET_SPECIFIC_INVERSE_ELIGIBLE_NODE_COUNT""","configs/scientific/foundation.yaml; model/M1/data.py:episode_normalized_weights","registries/MODEL_PARAMETER_REGISTRY.json","configs/scientific/foundation.yaml","configs/scientific/foundation.yaml; model/M1/data.py:episode_normalized_weights","tests/contract/test_model_parameter_registry.py","docs/MODEL_SPECIFICATION.md","MATCH"
"M1_SCENARIO_RANDOM_KEY_CONTRACT","FROZEN","""SHA256_STABLE_KEY_V2""","configs/scientific/foundation.yaml; model/M1/scenarios.py:_uniform_v2","registries/MODEL_PARAMETER_REGISTRY.json","configs/scientific/foundation.yaml","configs/scientific/foundation.yaml; model/M1/scenarios.py:_uniform_v2","tests/contract/test_model_parameter_registry.py","docs/MODEL_SPECIFICATION.md","MATCH"
"M1_FIXED_HISTORY_WINDOW_SENSITIVITY","SUPERSEDED","30","HISTORICAL_PROVENANCE_ONLY","registries/MODEL_PARAMETER_REGISTRY.json","configs/scientific/foundation.yaml","configs/scientific/foundation.yaml; legacy V1 sensitivity provenance only","N/A","docs/MODEL_SPECIFICATION.md","NOT_APPLICABLE"
"M1_LEGACY_STOCHASTIC_TARGETS","SUPERSEDED","[""R_IB"",""DELTA_OB"",""T_TX""]","HISTORICAL_PROVENANCE_ONLY","registries/MODEL_PARAMETER_REGISTRY.json","configs/scientific/foundation.yaml","configs/scientific/foundation.yaml; V1 provenance only","N/A","docs/MODEL_SPECIFICATION.md","NOT_APPLICABLE"
"M1_FORMAL_OUTPUT_CONTRACT","FROZEN","[""R_IB"",""D_OB"",""D_TX"",""D_TO""]","configs/scientific/foundation.yaml; model/M1/semantics.py","registries/MODEL_PARAMETER_REGISTRY.json","configs/scientific/foundation.yaml","configs/scientific/foundation.yaml; model/M1/semantics.py","tests/contract/test_model_parameter_registry.py","docs/MODEL_SPECIFICATION.md","MATCH"
"M1_LEGACY_V1_SUPPORT_PARAMETERS","SUPERSEDED","{""R_IB"":360,""DELTA_OB"":[-180,180],""T_TX"":60}","HISTORICAL_PROVENANCE_ONLY","registries/MODEL_PARAMETER_REGISTRY.json","configs/scientific/foundation.yaml","configs/scientific/foundation.yaml; V1 provenance only","N/A","docs/MODEL_SPECIFICATION.md","NOT_APPLICABLE"
"M2_DOWNSTREAM_EXPOSURE_HORIZON_MINUTES","FROZEN","360","configs/scientific/foundation.yaml; model/PRE/reference/exposure.py; model/PRE/reference/exposure_data2.py","registries/MODEL_PARAMETER_REGISTRY.json","configs/scientific/foundation.yaml","configs/scientific/foundation.yaml; model/PRE/reference/exposure.py; model/PRE/reference/exposure_data2.py","tests/contract/test_model_parameter_registry.py","docs/MODEL_SPECIFICATION.md","MATCH"
"M1_POSITIVE_QUANTILE_LEVELS","FROZEN","[0.1,0.3,0.5,0.7,0.9]","configs/scientific/foundation.yaml; current implemented representation retained without reselection","registries/MODEL_PARAMETER_REGISTRY.json","configs/scientific/foundation.yaml","configs/scientific/foundation.yaml; current implemented representation retained without reselection","tests/contract/test_model_parameter_registry.py","docs/MODEL_SPECIFICATION.md","MATCH"
"M1_POSITIVE_TAIL_POLICY","FROZEN","""FINITE_SUPPORT_BINS_PLUS_EXPLICIT_TAIL_CLASS""","configs/scientific/foundation.yaml; model/M1/scenario_envelope.py","registries/MODEL_PARAMETER_REGISTRY.json","configs/scientific/foundation.yaml","configs/scientific/foundation.yaml; model/M1/scenario_envelope.py","tests/contract/test_model_parameter_registry.py","docs/MODEL_SPECIFICATION.md","MATCH"
"M2_CONSEQUENCE_COMPONENTS","FROZEN","[""F_continuity"",""F_execution"",""F_propagation"",""P_time"",""P_itinerary"",""P_service"",""R_operating""]","model/common/consequence_ontology.py","registries/MODEL_PARAMETER_REGISTRY.json","N/A","model/common/consequence_ontology.py","tests/contract/test_model_parameter_registry.py","docs/MODEL_SPECIFICATION.md","MATCH"
"M2_COMPONENT_DEFINITIONS","FROZEN","""Seven typed native-quantity formulas with null/ABSTAIN preservation""","model/M2/drivers.py; registries/m2_data2_formal_cu_v2.json","registries/MODEL_PARAMETER_REGISTRY.json","N/A","model/M2/drivers.py; registries/m2_data2_formal_cu_v2.json","tests/contract/test_model_parameter_registry.py","docs/MODEL_SPECIFICATION.md","MATCH"
"M2_CU_NORMALIZATION_RULE","FROZEN","""c_k^CU=Median_Train(q_k | q_k>0); C_k^CU=q_k/c_k^CU""","model/common/cu_normalization.py; registries/m2_data2_formal_cu_v2.json","registries/MODEL_PARAMETER_REGISTRY.json","N/A","model/common/cu_normalization.py; registries/m2_data2_formal_cu_v2.json","tests/contract/test_model_parameter_registry.py","docs/MODEL_SPECIFICATION.md","MATCH"
"M2_PRINCIPAL_CU_SCALES","FROZEN","{""F_continuity"":43.0,""F_execution"":17.0,""F_propagation"":11.0,""P_time"":1037820.0,""R_operating"":5.0}","artifacts/diagnostics/v5_development_freeze/M2_DATA2_TRAIN_SCALES_V1.json via registries/m2_data2_formal_cu_v2.json; adopted without data recomputation","registries/MODEL_PARAMETER_REGISTRY.json","N/A","artifacts/diagnostics/v5_development_freeze/M2_DATA2_TRAIN_SCALES_V1.json via registries/m2_data2_formal_cu_v2.json; adopted without data recomputation","tests/contract/test_model_parameter_registry.py","docs/MODEL_SPECIFICATION.md","MATCH"
"M2_EVENT_NORMALIZATION","FROZEN","{""P_itinerary"":""ASSUMPTION_EVENT_NORMALIZATION"",""P_service"":""ASSUMPTION_EVENT_NORMALIZATION""}","registries/m2_data2_formal_cu_v2.json","registries/MODEL_PARAMETER_REGISTRY.json","N/A","registries/m2_data2_formal_cu_v2.json","tests/contract/test_model_parameter_registry.py","docs/MODEL_SPECIFICATION.md","MATCH"
"M2_ITINERARY_BUFFER_REFERENCE","FROZEN","{""data2_minutes"":45.0,""object_id"":""M2_ITINERARY_BUFFER_ASSUMPTION_V1"",""support_class"":""SCENARIO_PARAMETER""}","model/M2/context.py; registries/m2_data2_formal_cu_v2.json","registries/MODEL_PARAMETER_REGISTRY.json","N/A","model/M2/context.py; registries/m2_data2_formal_cu_v2.json","tests/contract/test_model_parameter_registry.py","docs/MODEL_SPECIFICATION.md","MATCH"
"M2_SERVICE_POLICY_REFERENCE","FROZEN","{""data2_minutes"":180.0,""object_id"":""M2_SERVICE_POLICY_THRESHOLD_ASSUMPTION_V1"",""support_class"":""EXTERNAL_STANDARD""}","model/M2/context.py; registries/m2_data2_formal_cu_v2.json","registries/MODEL_PARAMETER_REGISTRY.json","N/A","model/M2/context.py; registries/m2_data2_formal_cu_v2.json","tests/contract/test_model_parameter_registry.py","docs/MODEL_SPECIFICATION.md","MATCH"
"M4_CONSEQUENCE_COMPARISON_SCOPE","FROZEN","""Explicit frozen K_cmp subset of K; no default""","model/M4/m3_action_interface.py","registries/MODEL_PARAMETER_REGISTRY.json","N/A","model/M4/m3_action_interface.py","tests/contract/test_model_parameter_registry.py","docs/MODEL_SPECIFICATION.md","MATCH"
"M3_ACTION_LIBRARY","FROZEN","[""A00"",""A11"",""A13"",""A21"",""A22"",""A23"",""A31"",""A32"",""A33"",""A41"",""A42"",""A43"",""A51"",""A52"",""A53"",""A54"",""A55"",""A61"",""A62"",""A63"",""A64"",""A71"",""A72""]","registries/action_templates.yaml","registries/MODEL_PARAMETER_REGISTRY.json","N/A","registries/action_templates.yaml","tests/contract/test_model_parameter_registry.py","docs/MODEL_SPECIFICATION.md","MATCH"
"M3_A00_SEMANTICS","FROZEN","""No additional framework action from current decision time; identity baseline only""","registries/action_templates.yaml; model/M3/action_response.py","registries/MODEL_PARAMETER_REGISTRY.json","N/A","registries/action_templates.yaml; model/M3/action_response.py","tests/contract/test_model_parameter_registry.py","docs/MODEL_SPECIFICATION.md","MATCH"
"M3_RESPONSE_CONTRACT","FROZEN","""Explicit G_a with model id, parameters, support class, and provenance""","model/M3/action_response.py; model/M3/response_registry.py","registries/MODEL_PARAMETER_REGISTRY.json","N/A","model/M3/action_response.py; model/M3/response_registry.py","tests/contract/test_model_parameter_registry.py","docs/MODEL_SPECIFICATION.md","MATCH"
"M4_MONETARY_MAPPING","FROZEN","{""system"":""RMB"",""base_beta"":1.0,""scope"":[""F_continuity"",""F_execution"",""F_propagation"",""P_time"",""R_operating""]}","registries/m4_rmb_base_mapping.json","registries/MODEL_PARAMETER_REGISTRY.json","N/A","registries/m4_rmb_base_mapping.json","tests/contract/test_model_parameter_registry.py","docs/MODEL_SPECIFICATION.md","MATCH"
"M4_RISK_POLICY","FROZEN","{""policy_id"":""M4_RISK_POLICY_BASE_V1"",""lambda"":0.25,""alpha"":0.9,""expected_loss_weight"":0.75,""cvar_weight"":0.25}","registries/m4_risk_policy_base_v1.json","registries/MODEL_PARAMETER_REGISTRY.json","N/A","registries/m4_risk_policy_base_v1.json","tests/contract/test_model_parameter_registry.py","docs/MODEL_SPECIFICATION.md","MATCH"
"CHI_STATES","FROZEN","{""chi_inst"":""InstantiationState"",""chi_fact"":""EligibilityState"",""chi_num"":""NumericalEvaluationState"",""chi_resp"":""ResponseSupportClass+provenance"",""chi_opp"":""OpportunitySupportState"",""chi_sel"":""UNIMPLEMENTED""}","model/M3/contracts.py; model/M4/residual_risk.py","registries/MODEL_PARAMETER_REGISTRY.json","N/A","model/M3/contracts.py; model/M4/residual_risk.py","tests/contract/test_model_parameter_registry.py","docs/MODEL_SPECIFICATION.md","MATCH"
"M1_CALIBRATION_CONTRACT","FROZEN","""M1_CALIBRATION_CONTRACT_V1""","configs/scientific/foundation.yaml; model/M1/calibration.py; July 2019 calibration split; H8 artifact carries identity temperatures with explicit contract","registries/MODEL_PARAMETER_REGISTRY.json","configs/scientific/foundation.yaml","configs/scientific/foundation.yaml; model/M1/calibration.py; July 2019 calibration split; H8 artifact carries identity temperatures with explicit contract","tests/contract/test_model_parameter_registry.py","docs/MODEL_SPECIFICATION.md","MATCH"
"A21_CURRENT_FACTUAL_SEMANTICS","FROZEN","""CONTRACT_UNDERSPECIFIED / UNKNOWN""","model/M3/factual_adapter.py","registries/MODEL_PARAMETER_REGISTRY.json","N/A","model/M3/factual_adapter.py","tests/contract/test_model_parameter_registry.py","docs/MODEL_SPECIFICATION.md","MATCH"
"A21_COMPLETE_CONTEMPORANEOUS_PREDICATES","UNRESOLVED","""UNRESOLVED""","NO_ACTIVE_AUTHORITY","registries/MODEL_PARAMETER_REGISTRY.json","N/A","docs/DATA_AND_EVIDENCE_BOUNDARY.md","N/A","docs/MODEL_SPECIFICATION.md","NOT_MATERIALIZED"
"A71_A72_CURRENT_AUTHORITY_SEMANTICS","FROZEN","""CAPABILITY_DOES_NOT_ESTABLISH_AUTHORITY / UNKNOWN""","model/M3/factual_adapter.py; model/M4/authority.py","registries/MODEL_PARAMETER_REGISTRY.json","N/A","model/M3/factual_adapter.py; model/M4/authority.py","tests/contract/test_model_parameter_registry.py","docs/MODEL_SPECIFICATION.md","MATCH"
"A71_A72_CONTEMPORANEOUS_AUTHORITY_PUBLICATION","UNRESOLVED","""UNRESOLVED""","NO_ACTIVE_AUTHORITY","registries/MODEL_PARAMETER_REGISTRY.json","N/A","docs/DATA_AND_EVIDENCE_BOUNDARY.md","N/A","docs/MODEL_SPECIFICATION.md","NOT_MATERIALIZED"
"LIVE_RESOURCE_FACTS","UNRESOLVED","""UNOBSERVED""","NO_ACTIVE_AUTHORITY","registries/MODEL_PARAMETER_REGISTRY.json","N/A","docs/DATA_AND_EVIDENCE_BOUNDARY.md","N/A","docs/MODEL_SPECIFICATION.md","NOT_MATERIALIZED"
"NON_A00_EMPIRICAL_RESPONSE_SUPPORT","UNRESOLVED","""UNRESOLVED""","NO_ACTIVE_AUTHORITY","registries/MODEL_PARAMETER_REGISTRY.json","N/A","registries/m3_response_scenarios.yaml","N/A","docs/MODEL_SPECIFICATION.md","NOT_MATERIALIZED"
"M4_CURRENT_SELECTION_STATE","FROZEN","""UNIMPLEMENTED / NOT_AUTHORIZED""","model/M4/authority.py; model/M4/residual_risk.py","registries/MODEL_PARAMETER_REGISTRY.json","N/A","model/M4/authority.py; model/M4/residual_risk.py","tests/contract/test_model_parameter_registry.py","docs/MODEL_SPECIFICATION.md","MATCH"
"FUTURE_OPERATIONAL_SELECTION_RULE","UNRESOLVED","""UNRESOLVED""","NO_ACTIVE_AUTHORITY","registries/MODEL_PARAMETER_REGISTRY.json","N/A","No active selector is authorized","N/A","docs/MODEL_SPECIFICATION.md","NOT_APPLICABLE"
"LEGACY_GRU_H32","SUPERSEDED","32","HISTORICAL_PROVENANCE_ONLY","registries/MODEL_PARAMETER_REGISTRY.json","N/A","historical provenance only","N/A","docs/MODEL_SPECIFICATION.md","NOT_APPLICABLE"
"LEGACY_M1_D_OB_SUPPORT","SUPERSEDED","210","HISTORICAL_PROVENANCE_ONLY","registries/MODEL_PARAMETER_REGISTRY.json","N/A","historical provenance only","N/A","docs/MODEL_SPECIFICATION.md","NOT_APPLICABLE"
"LEGACY_SCENARIO_COUNTS","SUPERSEDED","[250,1000]","HISTORICAL_PROVENANCE_ONLY","registries/MODEL_PARAMETER_REGISTRY.json","N/A","historical provenance only","N/A","docs/MODEL_SPECIFICATION.md","NOT_APPLICABLE"
"LEGACY_MONETARY_SYSTEM","SUPERSEDED","""EUR / constructed-EUR""","HISTORICAL_PROVENANCE_ONLY","registries/MODEL_PARAMETER_REGISTRY.json","N/A","historical provenance only","N/A","docs/MODEL_SPECIFICATION.md","NOT_APPLICABLE"
